timestamp.Treatment,humidity.Treatment,precipIntensity.Treatment,temperature.Treatment,windSpeed.Treatment,light.Treatment,Weekend.Treatment,Hour.Treatment,timestamp.Control,humidity.Control,precipIntensity.Control,temperature.Control,windSpeed.Control,light.Control,Weekend.Control,precipType.Control,Hour.Control
1584266400,0.57,0,42.69,4.49,0,1,6,1580662800,0.61,6.00E-04,42.54,9.09,1,1,1,12
1586689200,0.55,0,42.07,2.11,1,1,7,1580662800,0.61,6.00E-04,42.54,9.09,1,1,1,12
1584799200,0.53,0.0011,42.93,7.1,1,1,10,1580666400,0.57,0,43.3,8.67,1,1,3,13
1584270000,0.55,0.0012,42.57,4.91,0,1,7,1580666400,0.57,0,43.3,8.67,1,1,3,13
1584273600,0.55,0,42.57,5.72,1,1,8,1580666400,0.57,0,43.3,8.67,1,1,3,13
1586678400,0.51,0,42.95,1.59,0,1,4,1580666400,0.57,0,43.3,8.67,1,1,3,13
1584277200,0.51,0,43.03,8.32,1,1,9,1580666400,0.57,0,43.3,8.67,1,1,3,13
1584795600,0.56,0,43.01,8.16,1,1,9,1580666400,0.57,0,43.3,8.67,1,1,3,13
1584262800,0.54,0,43.19,4.82,0,1,5,1580666400,0.57,0,43.3,8.67,1,1,3,13
1584259200,0.54,0,43.53,4.04,0,1,4,1580666400,0.57,0,43.3,8.67,1,1,3,13
1585033200,0.85,0,36.46,8.86,0,0,3,1580713200,0.9,0,37.26,6.56,0,0,3,2
1585026000,0.86,0,37.64,9.05,0,0,1,1580716800,0.89,0,37.9,6.15,0,0,3,3
1585022400,0.86,0.0012,37.92,9.01,0,0,0,1580716800,0.89,0,37.9,6.15,0,0,3,3
1585029600,0.84,4.00E-04,37.29,7.87,0,0,2,1580716800,0.89,0,37.9,6.15,0,0,3,3
1585659600,0.75,0.0013,43.38,7.76,1,0,9,1580738400,0.76,5.00E-04,43.33,6.02,1,0,1,9
1585072800,0.46,2.00E-04,53.21,6.41,1,0,14,1580752800,0.49,0.001,52.63,7.56,1,0,1,13
1586260800,0.48,0,51.88,4.83,1,0,8,1580752800,0.49,0.001,52.63,7.56,1,0,1,13
1585242000,0.48,0,52.5,4.41,1,0,13,1580752800,0.49,0.001,52.63,7.56,1,0,1,13
1586264400,0.45,0.0012,54.5,4.55,1,0,9,1580756400,0.47,0.0019,54.19,9.15,1,0,1,14
1585245600,0.45,0,55.12,6.04,1,0,14,1580760000,0.45,0,55.37,9.18,1,0,3,15
1586185200,0.48,0,55.95,6.73,1,0,11,1580760000,0.45,0,55.37,9.18,1,0,3,15
1585256400,0.48,0,56.56,9.75,1,0,17,1580763600,0.43,0,55.98,8.03,1,0,3,16
1586300400,0.44,0,56.54,6.37,1,0,19,1580763600,0.43,0,55.98,8.03,1,0,3,16
1585080000,0.45,0,55.18,5.55,1,0,16,1580767200,0.47,0,54.75,5.16,1,0,3,17
1585083600,0.47,0,54.65,6.5,1,0,17,1580767200,0.47,0,54.75,5.16,1,0,3,17
1585076400,0.46,6.00E-04,53.72,5.7,1,0,15,1580767200,0.47,0,54.75,5.16,1,0,3,17
1586905200,0.42,9.00E-04,53.74,8.55,1,0,19,1580767200,0.47,0,54.75,5.16,1,0,3,17
1585270800,0.73,0,47.84,4.38,0,0,21,1580785200,0.67,0,47.4,2.55,0,0,3,22
1584428400,0.82,7.00E-04,41.92,6.32,0,0,3,1580803200,0.85,0,41.78,4.88,0,0,3,3
1584432000,0.84,0.0018,41.91,5.39,0,0,4,1580810400,0.83,8.00E-04,42.14,3.84,0,0,1,5
1585648800,0.84,0.0023,42.18,9.79,0,0,6,1580814000,0.83,0,42.15,5.86,0,0,3,6
1585576800,0.86,4.00E-04,43.99,1.86,1,0,10,1580824800,0.82,9.00E-04,43.56,2.06,1,0,1,9
1585580400,0.83,3.00E-04,45.56,2.19,1,0,11,1580828400,0.8,5.00E-04,44.74,2.22,1,0,1,10
1585584000,0.8,0,46.96,2.35,1,0,12,1580832000,0.78,5.00E-04,46.49,2.52,1,0,1,11
1584464400,0.81,0.0013,48.39,4.62,1,0,13,1580835600,0.76,0.003,47.87,3.42,1,0,1,12
1584648000,0.76,0.0012,51.14,2.25,1,0,16,1580839200,0.73,0.0016,50.62,4.5,1,0,1,13
1585591200,0.64,0.0019,54.46,3.4,1,0,14,1580846400,0.68,8.00E-04,55.25,5.44,1,0,1,15
1585594800,0.63,8.00E-04,55.37,3.67,1,0,15,1580846400,0.68,8.00E-04,55.25,5.44,1,0,1,15
1586390400,0.63,0,57.62,3.37,0,0,20,1580857200,0.71,0,55.9,3.3,0,0,3,18
1586131200,0.72,8.00E-04,54.58,4.68,0,1,20,1580860800,0.72,0,56.01,4.53,0,0,3,19
1586314800,0.64,0,55.34,3.25,0,0,23,1580864400,0.74,0.0015,55.74,3.01,0,0,1,20
1586329200,0.81,0.0096,53.78,2.87,0,0,3,1580878800,0.87,0.0075,52.41,5.88,0,0,1,0
1586156400,0.87,0.006,49.96,4.32,0,0,3,1580882400,0.85,0.0031,48.8,9.26,0,0,1,1
1586509200,0.77,0.003,38.38,10.11,0,0,5,1580900400,0.82,0.0024,39.7,8.19,0,0,1,6
1585227600,0.62,3.00E-04,41.84,3.71,1,0,9,1580914800,0.59,0,41.99,6.74,1,0,3,10
1584993600,0.91,0.0909,40.29,11.56,1,0,16,1580972400,0.95,0.0802,35.56,5.32,0,0,1,2
1585008000,0.9,0.0839,38.5,13.52,0,0,20,1580972400,0.95,0.0802,35.56,5.32,0,0,1,2
1584979200,0.91,0.0441,37.46,11.35,1,0,12,1580979600,0.95,0.0467,37.95,5.73,0,0,1,4
1584986400,0.92,0.0464,38.29,11.53,1,0,14,1580979600,0.95,0.0467,37.95,5.73,0,0,1,4
1584975600,0.9,0.0235,37.33,10.37,1,0,11,1581026400,0.94,0.0205,40.17,6.5,1,0,1,17
1585011600,0.89,0.0025,37.81,10.37,0,0,21,1581040800,0.96,0.0043,38.25,7.01,0,0,1,21
1585015200,0.89,0.001,37.73,10.94,0,0,22,1581040800,0.96,0.0043,38.25,7.01,0,0,1,21
1586440800,0.88,0.014,51.86,8.98,1,0,10,1581091200,0.93,0.0151,50.97,8.09,1,0,1,11
1585947600,0.75,0.0214,51.71,13.33,1,0,17,1581091200,0.93,0.0151,50.97,8.09,1,0,1,11
1585411200,0.72,0.0149,48.82,7.22,1,1,12,1581091200,0.93,0.0151,50.97,8.09,1,0,1,11
1586757600,0.85,0.0261,57.08,12.76,0,0,2,1581094800,0.81,0.0144,55.1,17,1,0,1,12
1586448000,0.86,0.0205,55.34,10.26,1,0,12,1581094800,0.81,0.0144,55.1,17,1,0,1,12
1586455200,0.87,0.0251,55.39,11.37,1,0,14,1581094800,0.81,0.0144,55.1,17,1,0,1,12
1586602800,0.49,0,38.07,9.41,1,1,7,1581181200,0.45,0.0024,38.24,11.73,1,1,1,12
1586606400,0.46,0.0016,39.55,10.46,1,1,8,1581184800,0.43,0.0013,39.07,11.88,1,1,2,13
1585116000,0.69,0,40.81,8.38,0,0,2,1581314400,0.68,0,40.99,6.11,0,0,3,1
1585112400,0.68,0,41.32,7.44,0,0,1,1581314400,0.68,0,40.99,6.11,0,0,3,1
1584417600,0.74,0,40.91,8.51,0,0,0,1581318000,0.71,0,41.59,7.28,0,0,3,2
1584424800,0.78,5.00E-04,41.64,6.86,0,0,2,1581321600,0.74,4.00E-04,41.73,8.41,0,0,1,3
1584421200,0.77,0.001,41.37,7.14,0,0,1,1581321600,0.74,4.00E-04,41.73,8.41,0,0,1,3
1585130400,0.73,0,40.56,9.54,0,0,6,1581325200,0.74,0,41.6,7.83,0,0,3,4
1585126800,0.71,0,40.67,9.72,0,0,5,1581325200,0.74,0,41.6,7.83,0,0,3,4
1586502000,0.69,0.0018,41.79,12.06,0,0,3,1581328800,0.73,5.00E-04,42.21,9.35,0,0,1,5
1586498400,0.7,0,41.96,11.75,0,0,2,1581328800,0.73,5.00E-04,42.21,9.35,0,0,1,5
1586505600,0.71,0.0058,40.55,11.75,0,0,4,1581332400,0.77,0.0065,42.22,7.35,0,0,1,6
1584619200,0.95,0.0164,43.09,9.88,1,0,8,1581339600,0.84,0.0173,42.2,9.47,1,0,1,8
1584446400,0.93,0.02,42.46,5.97,1,0,8,1581339600,0.84,0.0173,42.2,9.47,1,0,1,8
1585148400,0.75,0.0012,43.92,10.99,1,0,11,1581346800,0.76,0.0021,44.53,10.9,1,0,1,10
1585911600,0.72,0.003,45.42,10.72,1,0,7,1581350400,0.73,0.0042,45.54,11.25,1,0,1,11
1585166400,0.74,0.0043,45.86,14.24,1,0,16,1581357600,0.76,0.0036,46.12,9.71,1,0,1,13
1585616400,0.83,0.0346,47.03,4.25,0,0,21,1581361200,0.82,0.0341,45.86,8.2,1,0,1,14
1585429200,0.84,0.0246,46.26,9.81,1,1,17,1581364800,0.84,0.0269,45.86,9.88,1,0,1,15
1585620000,0.86,0.0384,46.04,3.56,0,0,22,1581368400,0.91,0.0455,44.75,7.72,1,0,1,16
1585623600,0.93,0.007,45.06,3.88,0,0,23,1581382800,0.92,0.0083,44.01,5.31,0,0,1,20
1587178800,0.79,0.0076,44.39,3.34,0,0,23,1581382800,0.92,0.0083,44.01,5.31,0,0,1,20
1584435600,0.9,0.0193,41.86,4.06,0,0,5,1581411600,0.98,0.0196,43.43,1.02,0,0,1,4
1584453600,0.92,0.0237,44.01,1.77,1,0,10,1581422400,0.98,0.0274,43.89,1.11,1,0,1,7
1584626400,0.94,0.0054,43.96,9.45,1,0,10,1581433200,0.97,0.0095,44.62,4.79,1,0,1,10
1584622800,0.94,0.0084,43.27,9.48,1,0,9,1581433200,0.97,0.0095,44.62,4.79,1,0,1,10
1585105200,0.68,0,43.8,8.42,0,0,23,1581480000,0.73,3.00E-04,43.96,8.25,0,0,1,23
1586494800,0.67,7.00E-04,42.7,11.58,0,0,1,1581483600,0.68,4.00E-04,43.51,9.21,0,0,1,0
1587124800,0.5,0,38.53,6.53,1,0,8,1581516000,0.51,0,39.58,7.02,1,0,3,9
1587128400,0.42,0,41.11,5.49,1,0,9,1581519600,0.46,0,41.3,7.35,1,0,3,10
1584381600,0.43,9.00E-04,44.7,7.43,1,0,14,1581537600,0.42,5.00E-04,44.9,5.89,1,0,1,15
1584396000,0.58,0.001,42,11.19,1,0,18,1581544800,0.53,9.00E-04,42.74,7.78,1,0,1,17
1584392400,0.59,0,42.35,10.25,1,0,17,1581544800,0.53,9.00E-04,42.74,7.78,1,0,1,17
1585018800,0.87,3.00E-04,37.91,9.32,0,0,23,1581566400,0.81,0.0037,39.28,9.85,0,0,1,23
1584972000,0.87,0.0085,37.71,10.43,1,0,10,1581595200,0.95,0.0077,37.89,3.5,1,0,1,7
1584990000,0.92,0.0705,39.47,12.06,1,0,15,1581620400,0.94,0.0601,41.01,3.42,1,0,1,14
1584982800,0.93,0.0654,37.35,11.91,1,0,13,1581620400,0.94,0.0601,41.01,3.42,1,0,1,14
1585180800,0.75,5.00E-04,43.08,8.11,0,0,20,1581642000,0.74,0,42.58,7.57,0,0,3,20
1585188000,0.75,0,42.99,8.32,0,0,22,1581642000,0.74,0,42.58,7.57,0,0,3,20
1585184400,0.76,4.00E-04,43.25,7.1,0,0,21,1581642000,0.74,0,42.58,7.57,0,0,3,20
1584414000,0.72,5.00E-04,40.82,7.39,0,0,23,1581645600,0.74,5.00E-04,40.54,8.79,0,0,1,21
1584410400,0.7,0,40.43,9.67,0,0,22,1581649200,0.71,0,39.98,10.82,0,0,3,22
1584406800,0.67,2.00E-04,40.27,10.33,0,0,21,1581649200,0.71,0,39.98,10.82,0,0,3,22
1585206000,0.77,0,38.24,6.28,0,0,3,1581667200,0.72,4.00E-04,37.46,6.08,0,0,1,3
1585209600,0.76,0,37.55,3.46,0,0,4,1581667200,0.72,4.00E-04,37.46,6.08,0,0,1,3
1584918000,0.56,6.00E-04,39.11,9.56,1,1,19,1581876000,0.56,0.0012,39.34,6.74,1,1,1,13
1586685600,0.56,0,40.98,0.93,0,1,6,1581879600,0.53,0,40.88,5.84,1,1,3,14
1586682000,0.54,0,41.3,1.55,0,1,5,1581879600,0.53,0,40.88,5.84,1,1,3,14
1586995200,0.25,3.00E-04,50.05,3.43,0,0,20,1581976800,0.33,0,49.17,1.56,1,0,3,17
1586998800,0.31,0.001,48.79,4.7,0,0,21,1581976800,0.33,0,49.17,1.56,1,0,3,17
1587092400,0.56,0,39.28,9.54,0,0,23,1581998400,0.61,0.0013,38.67,8.66,0,0,1,23
1584936000,0.63,0,37.25,8.94,0,0,0,1582002000,0.6,0.001,37.32,9.64,0,0,1,0
1587096000,0.58,0,38.11,7.38,0,0,0,1582005600,0.58,0.0011,37.25,8.96,0,0,1,1
1585134000,0.75,0,40.81,8.35,1,0,7,1582030800,0.75,5.00E-04,40.36,6.47,1,0,1,8
1585141200,0.76,7.00E-04,41.56,9.95,1,0,9,1582034400,0.75,0,42.2,8.83,1,0,3,9
1585663200,0.76,0.0012,42.32,7.52,1,0,10,1582034400,0.75,0,42.2,8.83,1,0,3,9
1585137600,0.76,0.0012,41.15,9.15,1,0,8,1582034400,0.75,0,42.2,8.83,1,0,3,9
1585144800,0.75,0.001,42.78,10.49,1,0,10,1582034400,0.75,0,42.2,8.83,1,0,3,9
1585155600,0.71,0.0011,45.12,12.11,1,0,13,1582041600,0.74,3.00E-04,44.96,9.58,1,0,1,11
1585152000,0.74,0,44.34,11.52,1,0,12,1582041600,0.74,3.00E-04,44.96,9.58,1,0,1,11
1585159200,0.73,0.0011,45.35,11.69,1,0,14,1582041600,0.74,3.00E-04,44.96,9.58,1,0,1,11
1585162800,0.76,0.0011,46.05,12.1,1,0,15,1582045200,0.76,0.0015,45.94,9.32,1,0,1,12
1586419200,0.85,2.00E-04,47.04,4.03,0,0,4,1582095600,0.86,0,45.52,5.58,0,0,3,2
1585555200,0.9,3.00E-04,46.3,4.84,0,0,4,1582095600,0.86,0,45.52,5.58,0,0,3,2
1584514800,0.56,0,43.98,6.87,0,0,3,1582102800,0.6,0,43.66,9.44,0,0,3,4
1587031200,0.55,0,43.74,10.87,0,0,6,1582102800,0.6,0,43.66,9.44,0,0,3,4
1587034800,0.6,0,41.65,10.18,1,0,7,1582113600,0.59,0.0014,41,7.13,1,0,1,7
1587045600,0.44,0,43.92,11.44,1,0,10,1582124400,0.44,0,43.22,11.78,1,0,3,10
1586527200,0.49,0,43.46,15.97,1,0,10,1582124400,0.44,0,43.22,11.78,1,0,3,10
1587049200,0.33,0,45.51,12.65,1,0,11,1582128000,0.39,6.00E-04,45.44,12.47,1,0,1,11
1587135600,0.33,3.00E-04,45.9,9.44,1,0,11,1582128000,0.39,6.00E-04,45.44,12.47,1,0,1,11
1586530800,0.43,0,44.33,16.54,1,0,11,1582128000,0.39,6.00E-04,45.44,12.47,1,0,1,11
1587139200,0.3,0.0011,47.01,9.86,1,0,12,1582131600,0.33,0.001,47.12,13.09,1,0,1,12
1587052800,0.29,0.001,46.97,11.99,1,0,12,1582131600,0.33,0.001,47.12,13.09,1,0,1,12
1586966400,0.31,0,48.79,8.43,1,0,12,1582135200,0.3,0,47.81,13.04,1,0,3,13
1587153600,0.33,0.0011,49.49,11.81,1,0,16,1582135200,0.3,0,47.81,13.04,1,0,3,13
1587060000,0.25,0.001,48.05,13.74,1,0,14,1582138800,0.26,0.001,48,12.77,1,0,1,14
1587063600,0.24,0,47.93,14.43,1,0,15,1582138800,0.26,0.001,48,12.77,1,0,1,14
1587056400,0.26,0.0011,47.08,14.16,1,0,13,1582138800,0.26,0.001,48,12.77,1,0,1,14
1587142800,0.28,0,48.79,10.18,1,0,13,1582138800,0.26,0.001,48,12.77,1,0,1,14
1587067200,0.23,0,48.28,13.13,1,0,16,1582138800,0.26,0.001,48,12.77,1,0,1,14
1587070800,0.23,0,47.86,12.12,1,0,17,1582142400,0.26,7.00E-04,47.3,13.22,1,0,1,15
1587074400,0.24,0,47.61,9.79,1,0,18,1582146000,0.23,0,45.8,12.23,1,0,3,16
1587078000,0.28,0.0011,46.63,10.53,1,0,19,1582146000,0.23,0,45.8,12.23,1,0,3,16
1584360000,0.4,0,33.48,10.15,1,0,8,1582210800,0.38,0.0012,33.15,7.22,1,0,2,10
1584356400,0.42,0.0011,33.02,9.38,0,0,7,1582210800,0.38,0.0012,33.15,7.22,1,0,2,10
1584824400,0.24,0,50.7,6.99,1,1,17,1582401600,0.18,0,49.42,11.01,1,1,3,15
1584828000,0.24,0,49.66,7.77,1,1,18,1582408800,0.17,0,48.98,9.46,1,1,3,17
1584838800,0.3,0,45.73,7.13,0,1,21,1582416000,0.23,0,45.37,6.14,0,1,3,19
1584835200,0.28,9.00E-04,46.7,7.02,0,1,20,1582416000,0.23,0,45.37,6.14,0,1,3,19
1584856800,0.39,0.0012,38.5,8.73,0,1,2,1582434000,0.38,0,38.18,3.97,0,1,3,0
1584853200,0.37,0,39.84,9.27,0,1,1,1582434000,0.38,0,38.18,3.97,0,1,3,0
1584849600,0.36,0.0013,41.17,9.53,0,1,0,1582434000,0.38,0,38.18,3.97,0,1,3,0
1584860400,0.41,0,37.25,9.54,0,1,3,1582441200,0.38,0,37.26,3.35,0,1,3,2
1584864000,0.43,5.00E-04,35.91,10.09,0,1,4,1582448400,0.42,0,34.97,4.36,0,1,3,4
1584867600,0.45,7.00E-04,35.1,11.4,0,1,5,1582448400,0.42,0,34.97,4.36,0,1,3,4
1584871200,0.45,0,34.71,10.33,0,1,6,1582448400,0.42,0,34.97,4.36,0,1,3,4
1586674800,0.49,0,43.1,1.22,0,1,3,1582466400,0.35,0,41.9,2.95,1,1,3,9
1584169200,0.37,0,45.83,10.46,0,1,3,1582470000,0.28,0,45.89,6.22,1,1,3,10
1586664000,0.4,0,46.81,2.73,0,1,0,1582470000,0.28,0,45.89,6.22,1,1,3,10
1584194400,0.39,0,46.06,11.17,1,1,10,1582470000,0.28,0,45.89,6.22,1,1,3,10
1584288000,0.37,0,47.76,7.87,1,1,12,1582470000,0.28,0,45.89,6.22,1,1,3,10
1586613600,0.37,0,44.92,11.88,1,1,10,1582470000,0.28,0,45.89,6.22,1,1,3,10
1584172800,0.39,0.001,45.19,8.62,0,1,4,1582470000,0.28,0,45.89,6.22,1,1,3,10
1586667600,0.43,0,45.31,2.35,0,1,1,1582470000,0.28,0,45.89,6.22,1,1,3,10
1585378800,0.41,0,49.57,6.77,0,1,3,1582473600,0.25,0,48.72,7.06,1,1,3,11
1585382400,0.44,0,48.76,5.4,0,1,4,1582473600,0.25,0,48.72,7.06,1,1,3,11
1586620800,0.29,0.0013,48.67,10.8,1,1,12,1582473600,0.25,0,48.72,7.06,1,1,3,11
1586696400,0.45,0,50.39,5.04,1,1,9,1582473600,0.25,0,48.72,7.06,1,1,3,11
1584201600,0.32,0,49.9,9.55,1,1,12,1582473600,0.25,0,48.72,7.06,1,1,3,11
1586617200,0.32,0,47.05,12.01,1,1,11,1582473600,0.25,0,48.72,7.06,1,1,3,11
1584291600,0.32,0.0018,49.97,7.33,1,1,13,1582473600,0.25,0,48.72,7.06,1,1,3,11
1584810000,0.36,0,48.02,11.3,1,1,13,1582473600,0.25,0,48.72,7.06,1,1,3,11
1584198000,0.35,0,47.81,10.08,1,1,11,1582473600,0.25,0,48.72,7.06,1,1,3,11
1584813600,0.3,0,49.96,9.25,1,1,14,1582473600,0.25,0,48.72,7.06,1,1,3,11
1584165600,0.35,0,46.99,12.07,0,1,2,1582473600,0.25,0,48.72,7.06,1,1,3,11
1584162000,0.34,9.00E-04,48.64,11.7,0,1,1,1582477200,0.22,3.00E-04,51.27,7.5,1,1,1,12
1586624400,0.26,0,50.17,12.89,1,1,13,1582477200,0.22,3.00E-04,51.27,7.5,1,1,1,12
1584817200,0.28,9.00E-04,50.91,9.13,1,1,15,1582477200,0.22,3.00E-04,51.27,7.5,1,1,1,12
1584158400,0.34,0.0014,50.28,11.79,0,1,0,1582477200,0.22,3.00E-04,51.27,7.5,1,1,1,12
1584216000,0.27,0,56.11,8.53,1,1,16,1582484400,0.18,0,55.02,9.04,1,1,3,14
1584219600,0.26,0,55.52,9.5,1,1,17,1582491600,0.2,0,54.32,9.06,1,1,3,16
1584208800,0.28,0,54.01,9.38,1,1,14,1582491600,0.2,0,54.32,9.06,1,1,3,16
1586638800,0.25,0,54.58,11.84,1,1,17,1582491600,0.2,0,54.32,9.06,1,1,3,16
1586642400,0.25,0,54.53,12.13,1,1,18,1582491600,0.2,0,54.32,9.06,1,1,3,16
1586631600,0.26,0,53.45,13,1,1,15,1582491600,0.2,0,54.32,9.06,1,1,3,16
1584212400,0.28,0.0012,54.71,9.58,1,1,15,1582491600,0.2,0,54.32,9.06,1,1,3,16
1586635200,0.25,0,54.73,12.09,1,1,16,1582491600,0.2,0,54.32,9.06,1,1,3,16
1584309600,0.23,4.00E-04,52.97,6.23,1,1,18,1582495200,0.24,0,52.74,8.17,1,1,3,17
1584223200,0.29,0,53.46,9.33,1,1,18,1582495200,0.24,0,52.74,8.17,1,1,3,17
1586646000,0.27,0,53.52,10.22,1,1,19,1582495200,0.24,0,52.74,8.17,1,1,3,17
1584298800,0.26,0,52.35,4.12,1,1,15,1582495200,0.24,0,52.74,8.17,1,1,3,17
1584820800,0.25,0,51.45,7.71,1,1,16,1582495200,0.24,0,52.74,8.17,1,1,3,17
1584302400,0.23,0.0011,53.79,5.51,1,1,16,1582495200,0.24,0,52.74,8.17,1,1,3,17
1584306000,0.23,0,53.39,5.94,1,1,17,1582495200,0.24,0,52.74,8.17,1,1,3,17
1584226800,0.34,0,51.1,8.12,1,1,19,1582495200,0.24,0,52.74,8.17,1,1,3,17
1584205200,0.3,0.0012,52.17,9.69,1,1,13,1582495200,0.24,0,52.74,8.17,1,1,3,17
1584295200,0.27,0,51.91,8.03,1,1,14,1582495200,0.24,0,52.74,8.17,1,1,3,17
1586628000,0.26,0,51.88,12.67,1,1,14,1582495200,0.24,0,52.74,8.17,1,1,3,17
1584230400,0.37,0.0012,50.22,6.4,0,1,20,1582498800,0.31,9.00E-04,49.45,5.04,0,1,1,18
1584831600,0.28,0,48.13,7,1,1,19,1582498800,0.31,9.00E-04,49.45,5.04,0,1,1,18
1586649600,0.3,0,52.06,7.41,0,1,20,1582498800,0.31,9.00E-04,49.45,5.04,0,1,1,18
1584313200,0.29,0,50.41,4.12,1,1,19,1582498800,0.31,9.00E-04,49.45,5.04,0,1,1,18
1586653200,0.32,0,50.86,5.47,0,1,21,1582498800,0.31,9.00E-04,49.45,5.04,0,1,1,18
1584234000,0.37,0.0011,49.81,8.06,0,1,21,1582498800,0.31,9.00E-04,49.45,5.04,0,1,1,18
1584316800,0.35,0.0014,47.81,4.02,0,1,20,1582502400,0.34,0,47.85,3.88,0,1,3,19
1586656800,0.36,0,49.57,4.9,0,1,22,1582502400,0.34,0,47.85,3.88,0,1,3,19
1584237600,0.39,3.00E-04,48.11,8.95,0,1,22,1582502400,0.34,0,47.85,3.88,0,1,3,19
1584320400,0.34,0,46.84,3.76,0,1,21,1582506000,0.39,0.0011,46.55,4.66,0,1,1,20
1586660400,0.41,8.00E-04,47.44,3.64,0,1,23,1582506000,0.39,0.0011,46.55,4.66,0,1,1,20
1584241200,0.42,9.00E-04,47.19,8.82,0,1,23,1582506000,0.39,0.0011,46.55,4.66,0,1,1,20
1584324000,0.33,0,44.98,7.54,0,1,22,1582513200,0.36,0,44.14,5.58,0,1,3,22
1584327600,0.32,0,43.73,7.06,0,1,23,1582513200,0.36,0,44.14,5.58,0,1,3,22
1584842400,0.32,0,44.16,7.58,0,1,22,1582513200,0.36,0,44.14,5.58,0,1,3,22
1584846000,0.35,0,42.19,8.43,0,1,23,1582516800,0.38,6.00E-04,43.1,5.79,0,1,1,23
1584331200,0.34,0,41.94,6.78,0,0,0,1582520400,0.36,0.0013,42.64,4.93,0,0,1,0
1584334800,0.35,0,40.37,7.76,0,0,1,1582524000,0.4,0,42.3,4.14,0,0,3,1
1584540000,0.45,0,47.03,3.61,1,0,10,1582556400,0.48,0,47.68,2.22,1,0,3,10
1586268000,0.41,0,56.2,2.67,1,0,10,1582563600,0.32,8.00E-04,56.01,4.5,1,0,1,12
1586890800,0.32,0.0013,56.94,3.66,1,0,15,1582563600,0.32,8.00E-04,56.01,4.5,1,0,1,12
1586887200,0.32,0,55.92,5.46,1,0,14,1582563600,0.32,8.00E-04,56.01,4.5,1,0,1,12
1586898000,0.32,0.001,57.61,4.55,1,0,17,1582563600,0.32,8.00E-04,56.01,4.5,1,0,1,12
1585350000,0.22,0,63.22,4.55,1,0,19,1582570800,0.21,0,60.16,7.04,1,0,3,14
1586214000,0.21,0,62.87,6.73,1,0,19,1582570800,0.21,0,60.16,7.04,1,0,3,14
1586894400,0.32,0,57.97,6.54,1,0,16,1582574400,0.27,0,58.03,8.01,1,0,3,15
1586901600,0.35,0.0012,56.42,6.64,1,0,18,1582578000,0.36,0,54.85,7.47,1,0,3,16
1585090800,0.52,0,51.8,5.4,1,0,19,1582581600,0.46,0,52.33,6.24,1,0,3,17
1585087200,0.48,0,53.6,5.53,1,0,18,1582581600,0.46,0,52.33,6.24,1,0,3,17
1585094400,0.56,0.0011,49.98,5.71,0,0,20,1582585200,0.58,0,49.37,3.55,0,0,3,18
1585098000,0.61,3.00E-04,48.27,5.84,0,0,21,1582588800,0.62,0.0015,48.35,3.04,0,0,1,19
1585587600,0.75,0.001,49.15,3.88,1,0,13,1582642800,0.77,0,49.05,3.39,1,0,3,10
1586170800,0.74,0.0016,48.74,6.4,1,0,7,1582646400,0.73,0.0015,50.42,4.75,1,0,1,11
1586174400,0.7,0.0011,49.97,5.56,1,0,8,1582646400,0.73,0.0015,50.42,4.75,1,0,1,11
1584644400,0.8,0,50.04,3.44,1,0,15,1582650000,0.77,7.00E-04,50.02,4.05,1,0,1,12
1584468000,0.76,0.0017,49.68,6.26,1,0,14,1582650000,0.77,7.00E-04,50.02,4.05,1,0,1,12
1585598400,0.75,0.0019,50.14,3.88,1,0,16,1582650000,0.77,7.00E-04,50.02,4.05,1,0,1,12
1584651600,0.77,0,51.11,1.09,1,0,17,1582650000,0.77,7.00E-04,50.02,4.05,1,0,1,12
1584655200,0.78,0,51.36,1.45,1,0,18,1582650000,0.77,7.00E-04,50.02,4.05,1,0,1,12
1585602000,0.77,0.0057,49.32,5.45,1,0,17,1582657200,0.81,0.005,49.09,2.08,1,0,1,14
1584640800,0.82,0,48.93,4.66,1,0,14,1582660800,0.84,0.0049,48.89,3.73,1,0,1,15
1584691200,0.92,0.0023,46.79,4.06,0,0,4,1582696800,0.95,0.0017,46.08,5.14,0,0,1,1
1585548000,0.94,0.0015,47.2,5.73,0,0,2,1582696800,0.95,0.0017,46.08,5.14,0,0,1,1
1585540800,0.96,0.0028,46.35,6.92,0,0,0,1582696800,0.95,0.0017,46.08,5.14,0,0,1,1
1585551600,0.92,8.00E-04,46.67,5.89,0,0,3,1582696800,0.95,0.0017,46.08,5.14,0,0,1,1
1585627200,0.94,0.003,44.98,2.41,0,0,0,1582700400,0.96,0.001,45.76,3.01,0,0,1,2
1584694800,0.93,0.0039,46.6,3.46,0,0,5,1582714800,0.95,0.0018,45.72,5.86,0,0,1,6
1584698400,0.97,0.0042,46.48,4.68,0,0,6,1582714800,0.95,0.0018,45.72,5.86,0,0,1,6
1584705600,0.96,0.0023,47.03,1.8,1,0,8,1582722000,0.95,0.0022,45.92,5.16,1,0,1,8
1584702000,0.97,0.0026,46.64,1.97,1,0,7,1582722000,0.95,0.0022,45.92,5.16,1,0,1,8
1584630000,0.91,0.0017,45.39,10.19,1,0,11,1582729200,0.93,0.0031,46.62,5.62,1,0,1,10
1584709200,0.93,0.0015,48.17,1.45,1,0,9,1582732800,0.92,0.0026,47.11,4.85,1,0,1,11
1584637200,0.84,9.00E-04,47.97,8.16,1,0,13,1582736400,0.89,0.0017,47.45,6.5,1,0,1,12
1584633600,0.88,5.00E-04,46.91,9.95,1,0,12,1582740000,0.89,9.00E-04,47.38,7.06,1,0,1,13
1584601200,0.92,0.0856,41.76,6.38,0,0,3,1582786800,0.96,0.083,43.75,12.5,0,0,1,2
1584615600,0.96,0.0765,43.23,7.56,0,0,7,1582786800,0.96,0.083,43.75,12.5,0,0,1,2
1586520000,0.59,0,41.24,14.39,1,0,8,1582815600,0.59,0,40.31,18.01,1,0,3,10
1584363600,0.38,0.001,34.97,10.87,1,0,9,1582902000,0.37,0,33.66,14.72,1,0,3,10
1584878400,0.41,8.00E-04,33.78,12.08,1,1,8,1583074800,0.44,0,33.34,10.79,1,1,3,10
1584874800,0.44,0,33.89,10.96,1,1,7,1583074800,0.44,0,33.34,10.79,1,1,3,10
1584882000,0.38,0,34.75,11.65,1,1,9,1583078400,0.4,0,35.48,8.13,1,1,3,11
1584885600,0.35,0.0011,36.26,13.14,1,1,10,1583082000,0.36,0.0014,37.8,10.68,1,1,2,12
1584889200,0.34,5.00E-04,37.54,11.84,1,1,11,1583082000,0.36,0.0014,37.8,10.68,1,1,2,12
1584896400,0.33,0,39.85,8.68,1,1,13,1583085600,0.34,0,39.85,10.62,1,1,3,13
1584892800,0.34,0.001,39.09,9.14,1,1,12,1583085600,0.34,0,39.85,10.62,1,1,3,13
1584900000,0.29,0,42.73,8.19,1,1,14,1583092800,0.3,0,43.1,10.96,1,1,3,15
1584907200,0.31,0,44.81,7.49,1,1,16,1583096400,0.28,0,44.24,10.32,1,1,3,16
1584903600,0.3,6.00E-04,43.84,7.53,1,1,15,1583100000,0.28,0,44.06,9.51,1,1,3,17
1587099600,0.55,4.00E-04,37.64,5.83,0,0,1,1583125200,0.53,0,37.48,3.33,0,0,3,0
1587103200,0.56,0,36.67,4.68,0,0,2,1583128800,0.57,0,36.21,3.75,0,0,3,1
1584349200,0.45,0,35.07,8.47,0,0,5,1583136000,0.54,0.0015,36.45,3.68,0,0,1,3
1587114000,0.58,0,35.57,5.21,0,0,5,1583143200,0.58,0,35.67,3.44,0,0,3,5
1585220400,0.76,0,36.43,4.93,1,0,7,1583150400,0.77,0.001,37.45,3.5,1,0,1,7
1586257200,0.46,0,50.55,3.97,1,0,7,1583164800,0.44,0.0011,49.89,8.23,1,0,1,11
1586869200,0.46,3.00E-04,49.17,9.19,1,0,9,1583164800,0.44,0.0011,49.89,8.23,1,0,1,11
1586271600,0.36,0.0011,59.01,4.65,1,0,11,1583175600,0.38,0.0011,58,9.89,1,0,1,14
1585252800,0.42,0,58.91,9.16,1,0,16,1583175600,0.38,0.0011,58,9.89,1,0,1,14
1586296800,0.33,0.001,59.5,11.11,1,0,18,1583175600,0.38,0.0011,58,9.89,1,0,1,14
1586192400,0.38,5.00E-04,59.97,4.4,1,0,13,1583175600,0.38,0.0011,58,9.89,1,0,1,14
1586462400,0.53,0.0029,56.88,15.34,1,0,16,1583179200,0.43,0,57.56,8.78,1,0,3,15
1585249200,0.43,9.00E-04,57.85,7.42,1,0,15,1583179200,0.43,0,57.56,8.78,1,0,3,15
1586188800,0.44,0.0012,57.74,5.56,1,0,12,1583179200,0.43,0,57.56,8.78,1,0,3,15
1585260000,0.54,0.001,52.65,10.03,1,0,18,1583186400,0.55,7.00E-04,54.36,9.45,1,0,1,17
1586304000,0.56,0,54.3,5.84,0,0,20,1583204400,0.53,0,54.42,9.88,0,0,3,22
1586311200,0.63,0.0013,55.04,5.1,0,0,22,1583208000,0.55,0.0015,53.62,8.9,0,0,1,23
1586307600,0.62,0,54.51,4.42,0,0,21,1583208000,0.55,0.0015,53.62,8.9,0,0,1,23
1586325600,0.74,9.00E-04,55.28,3.13,0,0,2,1583215200,0.66,0.0038,52.18,8.49,0,0,1,1
1585288800,0.74,0,49.99,6.1,0,0,2,1583222400,0.79,0.002,50.98,6.1,0,0,1,3
1585292400,0.76,5.00E-04,49.96,6.72,0,0,3,1583222400,0.79,0.002,50.98,6.1,0,0,1,3
1585281600,0.73,0,49.82,7.8,0,0,0,1583222400,0.79,0.002,50.98,6.1,0,0,1,3
1585285200,0.73,0,49.9,8.51,0,0,1,1583222400,0.79,0.002,50.98,6.1,0,0,1,3
1586149200,0.84,0.0012,50.71,3.48,0,0,1,1583222400,0.79,0.002,50.98,6.1,0,0,1,3
1586145600,0.83,5.00E-04,51.18,2.59,0,0,0,1583222400,0.79,0.002,50.98,6.1,0,0,1,3
1586404800,0.84,0.0011,48.87,5.23,0,0,0,1583226000,0.82,8.00E-04,49.68,5.68,0,0,1,4
1586167200,0.78,0.0032,49.5,5.19,0,0,6,1583226000,0.82,8.00E-04,49.68,5.68,0,0,1,4
1586152800,0.84,6.00E-04,50.23,4.82,0,0,2,1583226000,0.82,8.00E-04,49.68,5.68,0,0,1,4
1586163600,0.86,0.0051,49.64,4.73,0,0,5,1583226000,0.82,8.00E-04,49.68,5.68,0,0,1,4
1586408400,0.84,0.0015,48.48,6.1,0,0,1,1583226000,0.82,8.00E-04,49.68,5.68,0,0,1,4
1585296000,0.79,2.00E-04,49.63,6.15,0,0,4,1583226000,0.82,8.00E-04,49.68,5.68,0,0,1,4
1584676800,0.87,6.00E-04,48.35,5.23,0,0,0,1583226000,0.82,8.00E-04,49.68,5.68,0,0,1,4
1584684000,0.87,0,47.58,6.66,0,0,2,1583229600,0.86,2.00E-04,48.38,5.42,0,0,1,5
1585303200,0.85,6.00E-04,48.66,5.17,0,0,6,1583229600,0.86,2.00E-04,48.38,5.42,0,0,1,5
1584687600,0.9,0.0011,47.15,5.78,0,0,3,1583229600,0.86,2.00E-04,48.38,5.42,0,0,1,5
1586415600,0.85,0,47.32,3.24,0,0,3,1583229600,0.86,2.00E-04,48.38,5.42,0,0,1,5
1586412000,0.85,0.001,47.96,5.13,0,0,2,1583229600,0.86,2.00E-04,48.38,5.42,0,0,1,5
1584680400,0.87,0.0013,47.9,6.43,0,0,1,1583229600,0.86,2.00E-04,48.38,5.42,0,0,1,5
1585299600,0.83,4.00E-04,48.9,6.14,0,0,5,1583229600,0.86,2.00E-04,48.38,5.42,0,0,1,5
1586426400,0.86,0.0013,48.69,4.44,0,0,6,1583233200,0.87,0,48.52,4.64,0,0,3,6
1586422800,0.85,0.0014,47.28,1.99,0,0,5,1583233200,0.87,0,48.52,4.64,0,0,3,6
1584712800,0.93,0.0013,49.16,4.23,1,0,10,1583236800,0.88,0.0012,48,3.86,1,0,1,7
1586437200,0.86,0.0013,51.44,8.86,1,0,9,1583240400,0.83,0,50.29,4.1,1,0,3,8
1585310400,0.82,6.00E-04,50.31,2.77,1,0,8,1583240400,0.83,0,50.29,4.1,1,0,3,8
1586350800,0.91,0,52.4,6.82,1,0,9,1583240400,0.83,0,50.29,4.1,1,0,3,8
1585306800,0.83,5.00E-04,49.18,4.9,1,0,7,1583240400,0.83,0,50.29,4.1,1,0,3,8
1584720000,0.92,0,52.52,6.38,1,0,12,1583240400,0.83,0,50.29,4.1,1,0,3,8
1586433600,0.84,0.001,50.83,7.86,1,0,8,1583240400,0.83,0,50.29,4.1,1,0,3,8
1584716400,0.91,0.0015,50.42,5.34,1,0,11,1583240400,0.83,0,50.29,4.1,1,0,3,8
1586430000,0.84,0,49.89,5.97,1,0,7,1583240400,0.83,0,50.29,4.1,1,0,3,8
1586354400,0.86,0,53.31,6.7,1,0,10,1583244000,0.74,0,54.11,3.88,1,0,3,9
1585314000,0.75,3.00E-04,52.62,3.65,1,0,9,1583244000,0.74,0,54.11,3.88,1,0,3,9
1586358000,0.77,8.00E-04,55.72,4.78,1,0,11,1583244000,0.74,0,54.11,3.88,1,0,3,9
1586361600,0.71,0.0012,57.97,4.88,1,0,12,1583247600,0.65,7.00E-04,57.4,3.87,1,0,1,10
1585317600,0.62,0,56.55,5,1,0,10,1583247600,0.65,7.00E-04,57.4,3.87,1,0,1,10
1586365200,0.66,0.0015,60.3,7.05,1,0,13,1583251200,0.64,3.00E-04,57.57,7.11,1,0,1,11
1585940400,0.7,0.008,52.74,12.59,1,0,15,1583265600,0.76,0.0045,51.93,10.33,1,0,1,15
1585944000,0.74,0.0122,51.88,12.01,1,0,16,1583265600,0.76,0.0045,51.93,10.33,1,0,1,15
1585929600,0.69,0.0099,49.97,13.4,1,0,12,1583265600,0.76,0.0045,51.93,10.33,1,0,1,15
1585933200,0.69,0.0054,51.69,15.01,1,0,13,1583265600,0.76,0.0045,51.93,10.33,1,0,1,15
1585954800,0.74,0.0096,51.75,10.98,1,0,19,1583265600,0.76,0.0045,51.93,10.33,1,0,1,15
1585936800,0.72,0.0098,51.78,12.68,1,0,14,1583265600,0.76,0.0045,51.93,10.33,1,0,1,15
1585951200,0.73,0.0036,51.87,8.49,1,0,18,1583265600,0.76,0.0045,51.93,10.33,1,0,1,15
1585443600,0.94,0.0286,46.32,9.04,0,1,21,1583290800,0.94,0.0293,51.48,6.46,0,0,1,22
1585893600,0.55,5.00E-04,48.73,10.98,0,0,2,1583301600,0.63,6.00E-04,49.58,11.08,0,0,1,1
1584781200,0.57,0.0011,48.09,13.98,0,1,5,1583301600,0.63,6.00E-04,49.58,11.08,0,0,1,1
1586923200,0.54,0,49.42,7.28,0,0,0,1583301600,0.63,6.00E-04,49.58,11.08,0,0,1,1
1586851200,0.61,0.001,48.64,10.58,0,0,4,1583305200,0.64,0,47.74,12.23,0,0,3,2
1584507600,0.56,0.0015,46.92,7.24,0,0,1,1583308800,0.63,0,46.82,10.1,0,0,3,3
1585897200,0.63,0.0012,47.16,10.87,0,0,3,1583308800,0.63,0,46.82,10.1,0,0,3,3
1586491200,0.52,0,45.7,9.33,0,0,0,1583308800,0.63,0,46.82,10.1,0,0,3,3
1585908000,0.67,0.0018,46.28,10.19,0,0,6,1583312400,0.65,0.0014,45.91,11.11,0,0,1,4
1585904400,0.64,0.0025,46.76,10.22,0,0,5,1583312400,0.65,0.0014,45.91,11.11,0,0,1,4
1585915200,0.73,0.0027,46.37,13.09,1,0,8,1583323200,0.66,0.0015,45.07,13.85,1,0,1,7
1585918800,0.69,0.005,47.03,12.89,1,0,9,1583323200,0.66,0.0015,45.07,13.85,1,0,1,7
1585846800,0.36,0.0018,54.27,17.71,1,0,13,1583348400,0.3,0,54.51,16.42,1,0,3,14
1585854000,0.33,6.00E-04,56.81,14.13,1,0,15,1583352000,0.29,0,55.77,14.99,1,0,3,15
1585864800,0.35,0,56.23,16.24,1,0,18,1583355600,0.3,0,55.78,15.43,1,0,3,16
1585850400,0.35,0.0013,55.45,16.72,1,0,14,1583355600,0.3,0,55.78,15.43,1,0,3,16
1585861200,0.34,0,56.73,15.19,1,0,17,1583355600,0.3,0,55.78,15.43,1,0,3,16
1585857600,0.34,0.001,57.39,16.18,1,0,16,1583355600,0.3,0,55.78,15.43,1,0,3,16
1586466000,0.42,0.0013,55.33,17.66,1,0,17,1583355600,0.3,0,55.78,15.43,1,0,3,16
1585868400,0.37,0,54.83,15.9,1,0,19,1583359200,0.31,5.00E-04,55.36,12.6,1,0,1,17
1585872000,0.41,9.00E-04,53.26,15.48,0,0,20,1583362800,0.36,0,53.88,12.63,0,0,3,18
1586469600,0.41,2.00E-04,52.68,16.12,1,0,18,1583362800,0.36,0,53.88,12.63,0,0,3,18
1586908800,0.45,4.00E-04,52.57,6.98,0,0,20,1583366400,0.44,0.0014,51.89,8.04,0,0,1,19
1586476800,0.39,0.0014,49.93,11.45,0,0,20,1583366400,0.44,0.0014,51.89,8.04,0,0,1,19
1585875600,0.42,8.00E-04,52.01,13.58,0,0,21,1583366400,0.44,0.0014,51.89,8.04,0,0,1,19
1585879200,0.43,5.00E-04,51.13,12.97,0,0,22,1583366400,0.44,0.0014,51.89,8.04,0,0,1,19
1585364400,0.43,0,54.06,5.66,0,0,23,1583366400,0.44,0.0014,51.89,8.04,0,0,1,19
1585882800,0.45,0,50.37,11.41,0,0,23,1583370000,0.51,5.00E-04,50.71,7.31,0,0,1,20
1586912400,0.5,0,51.82,6.97,0,0,21,1583370000,0.51,5.00E-04,50.71,7.31,0,0,1,20
1586916000,0.56,8.00E-04,51.18,6.9,0,0,22,1583373600,0.56,9.00E-04,50.99,7.99,0,0,1,21
1586919600,0.63,0,50.06,5.57,0,0,23,1583377200,0.61,0.0016,49.9,8.31,0,0,1,22
1585101600,0.64,9.00E-04,46.49,7.61,0,0,22,1583380800,0.67,0.0013,47.82,7.38,0,0,1,23
1585274400,0.74,0,48.02,4.92,0,0,22,1583380800,0.67,0.0013,47.82,7.38,0,0,1,23
1585267200,0.7,0,47.99,4.77,0,0,20,1583380800,0.67,0.0013,47.82,7.38,0,0,1,23
1584500400,0.7,0,49.14,6.99,0,0,23,1583380800,0.67,0.0013,47.82,7.38,0,0,1,23
1584594000,0.71,0.0059,44.23,6.95,0,0,1,1583388000,0.7,0.001,44.39,6.26,0,0,1,1
1586955600,0.5,0,42.8,9.68,1,0,9,1583416800,0.46,8.00E-04,42.41,9.57,1,0,1,9
1586959200,0.43,0,43.69,9.18,1,0,10,1583420400,0.42,0.0012,44.26,8.75,1,0,1,10
1587132000,0.38,0,43.29,8.9,1,0,10,1583420400,0.42,0.0012,44.26,8.75,1,0,1,10
1586962800,0.36,0,46.04,7.24,1,0,11,1583424000,0.39,0,46.17,5.6,1,0,3,11
1586984400,0.21,0,52.3,8.96,1,0,17,1583438400,0.31,0,52.24,5.09,1,0,3,15
1586991600,0.21,5.00E-04,51.39,6.4,1,0,19,1583442000,0.31,0,51.02,6.99,1,0,3,16
1587150000,0.28,0,50.71,11.07,1,0,15,1583442000,0.31,0,51.02,6.99,1,0,3,16
1586480400,0.39,0,48.68,10.16,0,0,21,1583449200,0.44,0,46.71,8.89,0,0,3,18
1587006000,0.36,0,47.06,8.25,0,0,23,1583449200,0.44,0,46.71,8.89,0,0,3,18
1587002400,0.34,0,47.98,7.41,0,0,22,1583449200,0.44,0,46.71,8.89,0,0,3,18
1586484000,0.42,0.0013,47.77,8.68,0,0,22,1583449200,0.44,0,46.71,8.89,0,0,3,18
1584583200,0.58,0,45.41,7.23,0,0,22,1583452800,0.57,0,44.14,6,0,0,3,19
1586570400,0.56,0,43.43,10.58,0,0,22,1583452800,0.57,0,44.14,6,0,0,3,19
1586574000,0.54,0,43.73,11.22,0,0,23,1583452800,0.57,0,44.14,6,0,0,3,19
1585702800,0.73,8.00E-04,43.34,5.29,0,0,21,1583460000,0.71,2.00E-04,42.58,4.6,0,0,1,21
1585191600,0.76,0,41.84,7.45,0,0,23,1583467200,0.78,0,41.11,4.92,0,0,3,23
1585195200,0.76,7.00E-04,40.68,7.23,0,0,0,1583470800,0.78,0,41.15,4.21,0,0,3,0
1585198800,0.75,0,40.06,6.08,0,0,1,1583474400,0.78,0,41.06,3.96,0,0,3,1
1585202400,0.76,0,39.21,3.69,0,0,2,1583481600,0.82,0,39.24,2.32,0,0,3,3
1585040400,0.85,4.00E-04,37.08,5.31,0,0,5,1583488800,0.85,0.0013,37.64,4.92,0,0,1,5
1585036800,0.86,5.00E-04,36.31,6.67,0,0,4,1583488800,0.85,0.0013,37.64,4.92,0,0,1,5
1585044000,0.85,4.00E-04,37.38,4.98,0,0,6,1583492400,0.87,0.0011,37.62,5.06,0,0,1,6
1585047600,0.85,0.0011,37.13,4.85,1,0,7,1583496000,0.88,0.0012,37.73,4.71,1,0,1,7
1585656000,0.82,4.00E-04,41.19,8.85,1,0,8,1583499600,0.83,6.00E-04,40.68,7.73,1,0,1,8
1585652400,0.83,6.00E-04,41.51,8.63,1,0,7,1583499600,0.83,6.00E-04,40.68,7.73,1,0,1,8
1585058400,0.67,0,44.33,8.59,1,0,10,1583506800,0.69,5.00E-04,44.59,8.04,1,0,1,10
1585170000,0.69,0.0023,45.17,15.32,1,0,17,1583514000,0.68,0.0015,44.86,8.99,1,0,1,12
1585173600,0.71,0.0011,43.79,12.77,1,0,18,1583517600,0.72,0.0052,43.74,10.95,1,0,1,13
1586246400,0.36,0,52.02,3.38,0,0,4,1583726400,0.3,0,49.7,7.86,0,0,3,0
1586242800,0.32,9.00E-04,52.95,3.69,0,0,3,1583726400,0.3,0,49.7,7.86,0,0,3,0
1584244800,0.44,0.0018,46.21,7.93,0,1,0,1583730000,0.31,0,49.25,7.69,0,0,3,1
1587009600,0.39,0,46.06,10.14,0,0,0,1583737200,0.36,0,46.99,7.98,0,0,3,3
1587024000,0.44,0.0014,45.44,11.95,0,0,4,1583740800,0.39,0,46.16,9.67,0,0,3,4
1587013200,0.41,0,45.72,10.75,0,0,1,1583740800,0.39,0,46.16,9.67,0,0,3,4
1587020400,0.43,0.0012,45.87,11.05,0,0,3,1583740800,0.39,0,46.16,9.67,0,0,3,4
1587016800,0.43,3.00E-04,45.56,10.8,0,0,2,1583740800,0.39,0,46.16,9.67,0,0,3,4
1587027600,0.49,0.0011,44.93,10.65,0,0,5,1583744400,0.46,0,44.43,6.68,0,0,3,5
1584525600,0.61,0,40.76,4.73,0,0,6,1583748000,0.57,0,41.35,5.32,0,0,3,6
1584522000,0.59,0,41.55,4.93,0,0,5,1583748000,0.57,0,41.35,5.32,0,0,3,6
1585231200,0.55,0,44.48,2.79,1,0,10,1583755200,0.52,0,43.39,5.85,1,0,3,8
1584536400,0.52,2.00E-04,44.54,2.34,1,0,9,1583755200,0.52,0,43.39,5.85,1,0,3,8
1586948400,0.52,0.0012,42.6,9.49,1,0,7,1583755200,0.52,0,43.39,5.85,1,0,3,8
1586876400,0.39,0,51.26,8.39,1,0,11,1583762400,0.39,0,50.69,7.46,1,0,3,10
1586253600,0.42,0,50.61,4.95,0,0,6,1583762400,0.39,0,50.69,7.46,1,0,3,10
1586872800,0.42,0.0013,50.57,9.16,1,0,10,1583762400,0.39,0,50.69,7.46,1,0,3,10
1586293200,0.31,0,61.42,10.35,1,0,17,1583769600,0.25,0,61.36,10.02,1,0,3,12
1586199600,0.31,3.00E-04,63.02,6.44,1,0,15,1583769600,0.25,0,61.36,10.02,1,0,3,12
1586278800,0.3,0,63.53,4.9,1,0,13,1583769600,0.25,0,61.36,10.02,1,0,3,12
1586196000,0.34,9.00E-04,61.99,2.57,1,0,14,1583769600,0.25,0,61.36,10.02,1,0,3,12
1586289600,0.31,0,63.18,12.24,1,0,16,1583769600,0.25,0,61.36,10.02,1,0,3,12
1586275200,0.34,3.00E-04,60.79,4.28,1,0,12,1583769600,0.25,0,61.36,10.02,1,0,3,12
1586203200,0.25,0,64.44,6.97,1,0,16,1583773200,0.21,7.00E-04,65.68,11.11,1,0,1,13
1585335600,0.25,0,65.84,8.37,1,0,15,1583773200,0.21,7.00E-04,65.68,11.11,1,0,1,13
1586282400,0.29,0,65.64,5.84,1,0,14,1583773200,0.21,7.00E-04,65.68,11.11,1,0,1,13
1585339200,0.22,0,67.01,6.98,1,0,16,1583773200,0.21,7.00E-04,65.68,11.11,1,0,1,13
1586286000,0.29,0,65.06,9.05,1,0,15,1583773200,0.21,7.00E-04,65.68,11.11,1,0,1,13
1585332000,0.26,0,66.33,8.7,1,0,14,1583773200,0.21,7.00E-04,65.68,11.11,1,0,1,13
1586206800,0.2,8.00E-04,65.68,7.54,1,0,17,1583773200,0.21,7.00E-04,65.68,11.11,1,0,1,13
1585342800,0.18,0,67.58,5.58,1,0,17,1583776800,0.19,0,68.1,10.33,1,0,3,14
1585346400,0.19,0,66.67,5.23,1,0,18,1583794800,0.24,0,66.18,8.35,0,0,3,19
1585353600,0.27,0,59.92,2.91,0,0,20,1583802000,0.31,0,60.35,7.02,0,0,3,21
1586217600,0.24,6.00E-04,61.13,6.58,0,0,20,1583805600,0.29,0,60.66,7.14,0,0,3,22
1586221200,0.26,0,59.36,5.25,0,0,21,1583809200,0.32,0,58.96,6.9,0,0,3,23
1585357200,0.3,0,58.14,1.47,0,0,21,1583809200,0.32,0,58.96,6.9,0,0,3,23
1586224800,0.27,0,57.64,4.39,0,0,22,1583809200,0.32,0,58.96,6.9,0,0,3,23
1585368000,0.43,0,53.07,5.66,0,1,0,1583816400,0.42,0,56.66,6.91,0,0,3,1
1586235600,0.3,0.001,54.65,4.14,0,0,1,1583816400,0.42,0,56.66,6.91,0,0,3,1
1586836800,0.55,0,58.08,12.64,0,0,0,1583816400,0.42,0,56.66,6.91,0,0,3,1
1586232000,0.41,0.0015,53.44,4.49,0,0,0,1583823600,0.47,0,54.11,6.9,0,0,3,3
1585371600,0.41,0,52.58,5.5,0,1,1,1583823600,0.47,0,54.11,6.9,0,0,3,3
1586239200,0.3,3.00E-04,54.17,3.98,0,0,2,1583823600,0.47,0,54.11,6.9,0,0,3,3
1585375200,0.39,0,51.26,5.02,0,1,2,1583823600,0.47,0,54.11,6.9,0,0,3,3
1585886400,0.48,0,49.96,12.79,0,0,0,1583827200,0.49,0,52.71,7.71,0,0,3,4
1586250000,0.4,5.00E-04,51.61,3.67,0,0,5,1583830800,0.52,0,51.81,7.16,0,0,3,5
1585890000,0.51,0.002,49.28,10.33,0,0,1,1583830800,0.52,0,51.81,7.16,0,0,3,5
1585926000,0.61,0.0052,50.54,13,1,0,11,1583841600,0.6,0,51.8,6.56,1,0,3,8
1586178000,0.61,0,51.91,7.28,1,0,9,1583841600,0.6,0,51.8,6.56,1,0,3,8
1586181600,0.53,0,54.1,6.72,1,0,10,1583845200,0.6,0,53.12,9.62,1,0,3,9
1585321200,0.49,0,60.55,9.4,1,0,11,1583852400,0.49,6.00E-04,59.23,8.8,1,0,1,11
1585328400,0.34,0,64.17,8.64,1,0,13,1583856000,0.46,0.001,62.62,12.07,1,0,1,12
1585324800,0.43,0,62.54,9.38,1,0,12,1583856000,0.46,0.001,62.62,12.07,1,0,1,12
1586372400,0.57,0.0014,63.83,6.47,1,0,15,1583870400,0.54,4.00E-04,64.96,11.16,1,0,1,16
1586376000,0.54,7.00E-04,64.67,6.18,1,0,16,1583870400,0.54,4.00E-04,64.96,11.16,1,0,1,16
1586379600,0.51,0.0015,64.73,7.41,1,0,17,1583870400,0.54,4.00E-04,64.96,11.16,1,0,1,16
1586383200,0.48,0.0022,64.95,6.8,1,0,18,1583870400,0.54,4.00E-04,64.96,11.16,1,0,1,16
1586386800,0.51,0.0014,63.46,5.23,1,0,19,1583870400,0.54,4.00E-04,64.96,11.16,1,0,1,16
1586368800,0.6,6.00E-04,62.53,7.45,1,0,14,1583877600,0.6,0.001,63.12,13.91,1,0,1,18
1586826000,0.65,7.00E-04,64.99,7.19,0,0,21,1583884800,0.62,0.0011,63.03,11.53,0,0,1,20
1586822400,0.72,5.00E-04,65.48,10.79,0,0,20,1583884800,0.62,0.0011,63.03,11.53,0,0,1,20
1586829600,0.61,0,64.72,11.31,0,0,22,1583884800,0.62,0.0011,63.03,11.53,0,0,1,20
1586833200,0.57,0,62.64,11.47,0,0,23,1583884800,0.62,0.0011,63.03,11.53,0,0,1,20
1586754000,0.78,0.0046,56.3,10.49,0,0,1,1583899200,0.76,0.001,57.27,9.37,0,0,1,0
1586750400,0.75,0.0011,56.74,9.17,0,0,0,1583899200,0.76,0.001,57.27,9.37,0,0,1,0
1586840400,0.59,0,55.12,10.15,0,0,1,1583902800,0.66,0.0013,55.33,11.58,0,0,1,1
1584774000,0.6,9.00E-04,54.87,13.04,0,1,3,1583902800,0.66,0.0013,55.33,11.58,0,0,1,1
1586322000,0.71,0,55.5,3.77,0,0,1,1583902800,0.66,0.0013,55.33,11.58,0,0,1,1
1586318400,0.64,0,55.92,2.74,0,0,0,1583902800,0.66,0.0013,55.33,11.58,0,0,1,1
1586844000,0.59,9.00E-04,52.86,10.47,0,0,2,1583906400,0.63,0.0012,53.06,11.51,0,0,1,2
1584777600,0.59,0,50.82,12.01,0,1,4,1583906400,0.63,0.0012,53.06,11.51,0,0,1,2
1586847600,0.59,7.00E-04,50.49,11.28,0,0,3,1583910000,0.64,0,50.92,9.77,0,0,3,3
1585900800,0.58,0.0043,47.96,9.79,0,0,4,1583913600,0.66,0.0012,48.45,8.26,0,0,1,4
1584504000,0.62,8.00E-04,48.1,6.17,0,0,0,1583913600,0.66,0.0012,48.45,8.26,0,0,1,4
1586854800,0.62,0.0015,47.29,7.98,0,0,5,1583917200,0.66,0,47.05,8.05,0,0,3,5
1586858400,0.59,0,46.77,8.58,0,0,6,1583917200,0.66,0,47.05,8.05,0,0,3,5
1585238400,0.52,0,48.86,3.95,1,0,12,1583935200,0.51,0,47.56,4.58,1,0,3,10
1585234800,0.53,0,46.98,2.83,1,0,11,1583935200,0.51,0,47.56,4.58,1,0,3,10
1584543600,0.42,7.00E-04,49.21,2.3,1,0,11,1583938800,0.45,0,49.63,4.15,1,0,3,11
1584547200,0.39,0.001,50.15,3.72,1,0,12,1583938800,0.45,0,49.63,4.15,1,0,3,11
1586880000,0.36,0.0012,52.11,7.29,1,0,12,1583942400,0.37,0,52.35,3.61,1,0,3,12
1584550800,0.37,0,51.86,5.21,1,0,13,1583942400,0.37,0,52.35,3.61,1,0,3,12
1586883600,0.33,0,54.19,5.61,1,0,13,1583946000,0.33,0,53.63,5.93,1,0,3,13
1585360800,0.37,0,55.92,2.96,0,0,22,1583967600,0.34,0.0011,52.99,1.96,0,0,1,19
1586487600,0.47,0,46.23,7.25,0,0,23,1583982000,0.47,0,47.34,1.65,0,0,3,23
1586671200,0.46,0,43.97,1.34,0,1,2,1583985600,0.49,0,46.23,1.26,0,0,3,0
1584518400,0.58,0,42.66,4.22,0,0,4,1583996400,0.57,0,43.24,1.06,0,0,3,3
1584529200,0.62,0.0012,40.27,3.06,0,0,7,1584010800,0.65,0,41.6,3.8,0,0,3,7
1585263600,0.63,0,49.88,8.28,1,0,19,1584043200,0.65,0,49.96,8.14,1,0,3,16
1585605600,0.76,0.0049,49.32,5.51,1,0,18,1584050400,0.74,0.0016,48.04,8.17,1,0,1,18
1585609200,0.78,0.0033,48.48,5.22,1,0,19,1584050400,0.74,0.0016,48.04,8.17,1,0,1,18
1585612800,0.8,0.003,47.95,4.31,0,0,20,1584057600,0.81,0.0037,46.9,5.46,0,0,1,20
1586160000,0.88,0.0204,50.18,6.41,0,0,4,1584072000,0.9,0.0205,46.33,10,0,0,1,0
1585544400,0.95,0.0019,46.94,7.06,0,0,1,1584082800,0.93,0.0041,46.94,9.3,0,0,1,3
1586332800,0.88,0.0309,52.54,3.56,0,0,4,1584097200,0.99,0.033,49.64,5.35,0,0,1,7
1586764800,0.91,0.0617,55.46,13.85,0,0,4,1584100800,0.98,0.0695,51.59,11.01,1,0,1,8
1586451600,0.86,0.071,57.97,9.74,1,0,13,1584100800,0.98,0.0695,51.59,11.01,1,0,1,8
1586800800,0.94,0.0545,58.75,17.81,1,0,14,1584104400,0.99,0.0566,52.2,9.64,1,0,1,9
1586808000,0.94,0.0607,59.75,13.46,1,0,16,1584104400,0.99,0.0566,52.2,9.64,1,0,1,9
1586340000,0.94,0.057,53.17,3.52,0,0,6,1584104400,0.99,0.0566,52.2,9.64,1,0,1,9
1586458800,0.73,0.0459,54.98,11.68,1,0,15,1584108000,0.98,0.0432,52.34,8.89,1,0,1,10
1586775600,0.96,0.0328,54.07,15.81,1,0,7,1584108000,0.98,0.0432,52.34,8.89,1,0,1,10
1586761200,0.88,0.0443,56.38,10.97,0,0,3,1584108000,0.98,0.0432,52.34,8.89,1,0,1,10
1586797200,0.95,0.0379,57.38,17.11,1,0,13,1584108000,0.98,0.0432,52.34,8.89,1,0,1,10
1586347200,0.93,0.0049,53.02,5.84,1,0,8,1584111600,0.96,0.0131,53.28,9.35,1,0,1,11
1586444400,0.84,0.0095,53.65,8.81,1,0,11,1584111600,0.96,0.0131,53.28,9.35,1,0,1,11
1586343600,0.94,0.0104,53.36,3,1,0,7,1584111600,0.96,0.0131,53.28,9.35,1,0,1,11
1584723600,0.87,0,57.81,8.81,1,0,13,1584115200,0.93,0.0056,56.26,10.78,1,0,1,12
1584727200,0.85,0,60.32,7.31,1,0,14,1584118800,0.83,0.0022,60.02,11.47,1,0,1,13
1586811600,0.94,0,61.24,14.3,1,0,17,1584118800,0.83,0.0022,60.02,11.47,1,0,1,13
1584730800,0.79,0,64.67,8.86,1,0,15,1584122400,0.75,9.00E-04,63.53,13.09,1,0,1,14
1586818800,0.8,0.0066,65.9,11.07,1,0,19,1584122400,0.75,9.00E-04,63.53,13.09,1,0,1,14
1584734400,0.69,3.00E-04,69.96,8.94,1,0,16,1584126000,0.54,0,67.71,14.75,1,0,3,15
1584759600,0.54,0,68.53,10.52,0,0,23,1584126000,0.54,0,67.71,14.75,1,0,3,15
1584738000,0.63,0,73.72,6.84,1,0,17,1584126000,0.54,0,67.71,14.75,1,0,3,15
1584756000,0.52,0,69.2,8.72,0,0,22,1584126000,0.54,0,67.71,14.75,1,0,3,15
1584741600,0.59,7.00E-04,75.36,8.91,1,0,18,1584129600,0.46,0,68.88,15.58,1,0,3,16
1584748800,0.53,7.00E-04,72.53,11.5,0,0,20,1584129600,0.46,0,68.88,15.58,1,0,3,16
1584752400,0.51,6.00E-04,70.59,9.06,0,0,21,1584129600,0.46,0,68.88,15.58,1,0,3,16
1584745200,0.57,0.002,74.33,11.95,1,0,19,1584129600,0.46,0,68.88,15.58,1,0,3,16
1586210400,0.18,7.00E-04,65.07,8.67,1,0,18,1584140400,0.18,7.00E-04,64.56,13.17,1,0,1,19
1586228400,0.28,0,56.53,3.47,0,0,23,1584154800,0.25,0.0012,54.65,11.29,0,0,1,23
1586512800,0.74,5.00E-04,38.75,12.39,0,0,6,1577865600,0.66,0.0011,38.26,11.4,0,0,1,3
1584954000,0.69,0,37.87,10.93,0,0,5,1577865600,0.66,0.0011,38.26,11.4,0,0,1,3
1584946800,0.63,0.0011,37.59,10.9,0,0,3,1577869200,0.63,0.0014,37.9,10.77,0,0,1,4
1584943200,0.62,0.0011,37.59,11.02,0,0,2,1577869200,0.63,0.0014,37.9,10.77,0,0,1,4
1584565200,0.44,0,49.72,10.11,1,0,17,1577995200,0.44,3.00E-04,48.41,8.62,1,0,1,15
1584572400,0.49,0,46.88,9.29,1,0,19,1577998800,0.47,0.001,47.83,6.25,1,0,1,16
1587157200,0.45,0,46.63,10.29,1,0,17,1577998800,0.47,0.001,47.83,6.25,1,0,1,16
1584568800,0.46,0,48.15,8.75,1,0,18,1577998800,0.47,0.001,47.83,6.25,1,0,1,16
1586563200,0.5,0,45.13,13.1,0,0,20,1578002400,0.55,0.0012,46.04,7.52,0,0,1,17
1584576000,0.53,0,45.99,6.97,0,0,20,1578002400,0.55,0.0012,46.04,7.52,0,0,1,17
1584579600,0.54,0,45.79,6.76,0,0,21,1578006000,0.6,0.0012,45.45,5.55,0,0,1,18
1584586800,0.6,0.0013,45.42,6.76,0,0,23,1578009600,0.64,0,45.13,5.47,0,0,3,19
1587171600,0.73,0.001,43.89,4.82,0,0,21,1578016800,0.69,0,43.9,4.08,0,0,3,21
1587168000,0.69,2.00E-04,44.14,3.61,0,0,20,1578016800,0.69,0,43.9,4.08,0,0,3,21
1585699200,0.71,0,43.91,5.78,0,0,20,1578016800,0.69,0,43.9,4.08,0,0,3,21
1587175200,0.74,0.0013,44.81,3.27,0,0,22,1578020400,0.71,0,43.62,3.31,0,0,3,22
1585706400,0.75,0,43.1,5.82,0,0,22,1578024000,0.72,0,43.37,3.9,0,0,3,23
1584442800,0.92,0.0138,42.09,4.38,0,0,7,1578049200,0.88,0.0114,43.1,4.07,0,0,1,6
1584457200,0.91,0.0178,44.69,1.44,1,0,11,1578060000,0.93,0.0135,43.81,2.92,1,0,1,9
1584450000,0.91,0.0183,43.22,2.86,1,0,9,1578060000,0.93,0.0135,43.81,2.92,1,0,1,9
1584460800,0.89,0.0061,46.44,2.05,1,0,12,1578070800,0.9,0.0049,44.91,3.57,1,0,1,12
1584673200,0.87,0,48.78,2.95,0,0,23,1578099600,0.88,0,47.14,4.88,0,0,3,20
1587182400,0.83,0.0144,43.8,5.11,0,1,0,1578114000,0.97,0.0164,46.32,1.23,0,1,1,0
1585454400,0.97,0.0118,46.23,10.01,0,1,0,1578114000,0.97,0.0164,46.32,1.23,0,1,1,0
1587196800,0.89,0.0142,43.32,3.75,0,1,4,1578114000,0.97,0.0164,46.32,1.23,0,1,1,0
1585494000,0.94,0.0183,47.22,11.4,1,1,11,1578117600,0.98,0.0187,46.34,0.71,0,1,1,1
1587200400,0.9,0.0208,43.41,4.26,0,1,5,1578117600,0.98,0.0187,46.34,0.71,0,1,1,1
1587186000,0.87,0.0262,43.3,5.92,0,1,1,1578124800,0.99,0.0268,46.27,2.73,0,1,1,3
1587189600,0.87,0.0415,43.39,6.45,0,1,2,1578128400,0.99,0.0416,46.01,1.19,0,1,1,4
1587193200,0.9,0.0261,43.22,5.72,0,1,3,1578135600,0.98,0.028,46.13,1.84,0,1,1,6
1585425600,0.87,0.0247,46.25,9.89,1,1,16,1578135600,0.98,0.028,46.13,1.84,0,1,1,6
1585468800,0.97,0.0061,45.62,11.44,0,1,4,1578139200,0.96,0.0046,46.87,4.15,0,1,1,7
1585472400,0.97,0.0083,45.46,12.55,0,1,5,1578139200,0.96,0.0046,46.87,4.15,0,1,1,7
1586077200,0.86,7.00E-04,46.02,3.36,0,1,5,1578139200,0.96,0.0046,46.87,4.15,0,1,1,7
1586073600,0.84,0,46.43,2.27,0,1,4,1578139200,0.96,0.0046,46.87,4.15,0,1,1,7
1585465200,0.97,0.0059,45.8,11.86,0,1,3,1578139200,0.96,0.0046,46.87,4.15,0,1,1,7
1585458000,0.97,0.0076,46.3,10.57,0,1,1,1578139200,0.96,0.0046,46.87,4.15,0,1,1,7
1585476000,0.97,0.0055,45.53,11.92,0,1,6,1578139200,0.96,0.0046,46.87,4.15,0,1,1,7
1585994400,0.88,0,47.29,8.44,0,1,6,1578139200,0.96,0.0046,46.87,4.15,0,1,1,7
1586080800,0.87,0,46.4,2.16,0,1,6,1578139200,0.96,0.0046,46.87,4.15,0,1,1,7
1585461600,0.97,0.0029,46.09,9.02,0,1,2,1578139200,0.96,0.0046,46.87,4.15,0,1,1,7
1586001600,0.89,8.00E-04,46.66,7.5,1,1,8,1578142800,0.95,0.0047,46.97,3.91,1,1,1,8
1586005200,0.87,0,46.96,7.76,1,1,9,1578142800,0.95,0.0047,46.97,3.91,1,1,1,8
1586084400,0.87,0,46.35,2.68,1,1,7,1578142800,0.95,0.0047,46.97,3.91,1,1,1,8
1585998000,0.91,0.0035,46.31,8.33,1,1,7,1578142800,0.95,0.0047,46.97,3.91,1,1,1,8
1585508400,0.92,0.004,47.09,12.43,1,1,15,1578146400,0.97,0.0052,46.9,4.41,1,1,1,9
1585483200,0.96,0.0063,45.68,12.14,1,1,8,1578146400,0.97,0.0052,46.9,4.41,1,1,1,9
1585490400,0.96,0.0104,46.59,11.41,1,1,10,1578146400,0.97,0.0052,46.9,4.41,1,1,1,9
1585479600,0.97,0.0043,45.57,10.94,1,1,7,1578146400,0.97,0.0052,46.9,4.41,1,1,1,9
1585497600,0.96,0.0096,46.78,13.1,1,1,12,1578146400,0.97,0.0052,46.9,4.41,1,1,1,9
1585486800,0.96,0.0133,45.97,10.87,1,1,9,1578150000,0.97,0.0061,47.06,3.76,1,1,1,10
1587211200,0.93,0.0117,44.44,3.86,1,1,8,1578150000,0.97,0.0061,47.06,3.76,1,1,1,10
1587207600,0.91,0.0084,44.11,4.38,1,1,7,1578150000,0.97,0.0061,47.06,3.76,1,1,1,10
1585501200,0.94,0.0066,47.08,9.28,1,1,13,1578150000,0.97,0.0061,47.06,3.76,1,1,1,10
1586088000,0.86,0.001,47.74,1.18,1,1,8,1578153600,0.94,0.0044,47.98,1.76,1,1,1,11
1585504800,0.94,0.0024,46.83,11.7,1,1,14,1578164400,0.97,0,48.17,4.04,1,1,3,14
1586008800,0.8,9.00E-04,48.14,8.67,1,1,10,1578168000,0.92,3.00E-04,49.71,3.29,1,1,1,15
1585512000,0.91,0.004,47.48,11.62,1,1,16,1578171600,0.93,4.00E-04,49.4,4.09,1,1,1,16
1586142000,0.83,0,51.21,2.18,0,1,23,1578182400,0.88,0.0029,49.28,5.58,0,1,1,19
1586134800,0.77,9.00E-04,53.09,2.59,0,1,21,1578182400,0.88,0.0029,49.28,5.58,0,1,1,19
1586138400,0.8,0,52.26,2.73,0,1,22,1578182400,0.88,0.0029,49.28,5.58,0,1,1,19
1586052000,0.8,0.0012,47.75,4.66,0,1,22,1578186000,0.81,0.0038,47.64,8.39,0,1,1,20
1585418400,0.76,0.0043,48.12,6.96,1,1,14,1578186000,0.81,0.0038,47.64,8.39,0,1,1,20
1586048400,0.77,0,48.21,7.05,0,1,21,1578186000,0.81,0.0038,47.64,8.39,0,1,1,20
1586044800,0.72,9.00E-04,49.82,7.85,0,1,20,1578186000,0.81,0.0038,47.64,8.39,0,1,1,20
1586055600,0.82,5.00E-04,47.49,4.02,0,1,23,1578189600,0.78,0.0033,45.82,9.76,0,1,1,21
1586581200,0.49,5.00E-04,42.54,10.9,0,1,1,1578207600,0.65,0.0014,39.47,14,0,1,1,2
1586584800,0.49,0,41.7,10.68,0,1,2,1578207600,0.65,0.0014,39.47,14,0,1,1,2
1586588400,0.48,0,40.83,11.7,0,1,3,1578207600,0.65,0.0014,39.47,14,0,1,1,2
1586592000,0.48,5.00E-04,39.97,10.65,0,1,4,1578225600,0.56,0,37.92,13.7,0,1,3,7
1586599200,0.5,3.00E-04,37.95,9.17,0,1,6,1578225600,0.56,0,37.92,13.7,0,1,3,7
1586595600,0.5,0.0016,38.83,9.01,0,1,5,1578225600,0.56,0,37.92,13.7,0,1,3,7
1586610000,0.42,0,42.2,11.76,1,1,9,1578250800,0.44,0,41.9,14.69,1,1,3,14
1584910800,0.41,0,43.61,8.44,1,1,17,1578254400,0.42,0,42.18,12.66,1,1,3,15
1586559600,0.48,0.0013,45.53,14.89,1,0,19,1578340800,0.51,0,44.67,11.95,1,0,3,15
1584385200,0.48,0,44.95,8.53,1,0,15,1578344400,0.51,0,44.69,9.53,1,0,3,16
1586566800,0.54,0,44.1,12.34,0,0,21,1578348000,0.52,0,43.76,7.48,0,0,3,17
1587088800,0.54,0,40.76,11.23,0,0,22,1578362400,0.52,0,40.74,7.78,0,0,3,21
1587085200,0.52,0,42.04,10.84,0,0,21,1578362400,0.52,0,40.74,7.78,0,0,3,21
1584338400,0.37,7.00E-04,38.97,8.44,0,0,2,1578373200,0.49,0,39.06,7.96,0,0,3,0
1584342000,0.4,5.00E-04,37.57,7.63,0,0,3,1578380400,0.51,0,38.37,7.51,0,0,3,2
1584345600,0.44,0,36.57,8.78,0,0,4,1578384000,0.53,0,37.69,7.89,0,0,3,3
1587110400,0.56,2.00E-04,36.17,5.56,0,0,4,1578387600,0.56,0,36.64,6.19,0,0,3,4
1587106800,0.55,0,36.61,4.8,0,0,3,1578387600,0.56,0,36.64,6.19,0,0,3,4
1587117600,0.59,0,35.23,6.48,0,0,6,1578391200,0.59,0,36.15,6.91,0,0,3,5
1587121200,0.56,0,36.2,6.27,1,0,7,1578402000,0.58,0,36.52,5.32,1,0,3,8
1584378000,0.4,0,43.43,7.6,1,0,13,1578423600,0.41,7.00E-04,44.05,5.54,1,0,1,14
1585213200,0.79,0,36.77,5.3,0,0,5,1578657600,0.79,6.00E-04,36.43,7.46,0,0,1,7
1585051200,0.83,0.0011,38.32,6.13,1,0,8,1578661200,0.8,9.00E-04,37.4,6.97,1,0,1,8
1584964800,0.83,0.0079,36.89,10.81,1,0,8,1578661200,0.8,9.00E-04,37.4,6.97,1,0,1,8
1584968400,0.84,0.0061,37.09,11.06,1,0,9,1578661200,0.8,9.00E-04,37.4,6.97,1,0,1,8
1585054800,0.75,9.00E-04,41.21,7.12,1,0,9,1578668400,0.73,0,41.39,7.63,1,0,3,10
1585177200,0.72,0,43.58,10.84,1,0,19,1578675600,0.7,0.0013,43.18,7.59,1,0,1,12
1584471600,0.7,5.00E-04,51.66,6.44,1,0,15,1578686400,0.65,4.00E-04,52,7.36,1,0,1,15
1584478800,0.66,9.00E-04,53.1,10.18,1,0,17,1578690000,0.67,0,52.64,7.35,1,0,3,16
1584482400,0.62,0.0013,53.69,8.33,1,0,18,1578690000,0.67,0,52.64,7.35,1,0,3,16
1584486000,0.65,0.0014,52.49,7.61,1,0,19,1578690000,0.67,0,52.64,7.35,1,0,3,16
1584475200,0.66,4.00E-04,53.61,7.48,1,0,16,1578690000,0.67,0,52.64,7.35,1,0,3,16
1585958400,0.74,0.0031,51.69,10.9,0,0,20,1578693600,0.69,0,52.06,7.39,0,0,3,17
1584489600,0.67,9.00E-04,51.43,4.93,0,0,20,1578697200,0.73,0,51.36,4.77,0,0,3,18
1586394000,0.76,9.00E-04,52.91,4.28,0,0,21,1578700800,0.74,0,51.55,5.81,0,0,3,19
1585965600,0.76,0.0013,51.1,10.55,0,0,22,1578704400,0.75,5.00E-04,51.21,6.26,0,0,1,20
1584493200,0.69,0.001,50.82,3.62,0,0,21,1578704400,0.75,5.00E-04,51.21,6.26,0,0,1,20
1585969200,0.76,0.0022,50.69,11.49,0,0,23,1578704400,0.75,5.00E-04,51.21,6.26,0,0,1,20
1585962000,0.75,5.00E-04,51.53,10.23,0,0,21,1578704400,0.75,5.00E-04,51.21,6.26,0,0,1,20
1584658800,0.78,6.00E-04,51.08,1.35,1,0,19,1578708000,0.77,2.00E-04,50.93,5.72,0,0,1,21
1586397600,0.8,0,51.34,4.18,0,0,22,1578708000,0.77,2.00E-04,50.93,5.72,0,0,1,21
1585278000,0.72,0,49.49,7.62,0,0,23,1578711600,0.78,0,50.43,5.89,0,0,3,22
1584496800,0.71,0,49.88,3.92,0,0,22,1578711600,0.78,0,50.43,5.89,0,0,3,22
1584662400,0.81,0,50.87,1.88,0,0,20,1578711600,0.78,0,50.43,5.89,0,0,3,22
1586401200,0.85,2.00E-04,49.65,5.28,0,0,23,1578715200,0.81,0,49.92,5.41,0,0,3,23
1584669600,0.84,7.00E-04,49.09,1.97,0,0,22,1578715200,0.81,0,49.92,5.41,0,0,3,23
1584666000,0.82,6.00E-04,49.74,2.17,0,0,21,1578715200,0.81,0,49.92,5.41,0,0,3,23
1586062800,0.8,8.00E-04,48,3.3,0,1,1,1578718800,0.85,0,48.54,4.01,0,1,3,0
1586066400,0.81,8.00E-04,48.03,2.8,0,1,2,1578718800,0.85,0,48.54,4.01,0,1,3,0
1586059200,0.81,0.0012,47.67,3.65,0,1,0,1578718800,0.85,0,48.54,4.01,0,1,3,0
1586070000,0.84,0.0011,46.84,3.7,0,1,3,1578718800,0.85,0,48.54,4.01,0,1,3,0
1585987200,0.78,0.0018,49.47,7.84,0,1,4,1578729600,0.87,0.0015,49.67,5.57,0,1,1,3
1586091600,0.81,0.001,50.62,0.83,1,1,9,1578729600,0.87,0.0015,49.67,5.57,0,1,1,3
1585990800,0.81,7.00E-04,48.68,8.43,0,1,5,1578729600,0.87,0.0015,49.67,5.57,0,1,1,3
1586012400,0.72,0,49.65,7.36,1,1,11,1578736800,0.84,0,51.71,5.62,0,1,3,5
1585972800,0.77,0.0012,50.4,8.64,0,1,0,1578736800,0.84,0,51.71,5.62,0,1,3,5
1585983600,0.75,6.00E-04,49.98,7.77,0,1,3,1578736800,0.84,0,51.71,5.62,0,1,3,5
1585980000,0.75,4.00E-04,50.32,9.89,0,1,2,1578736800,0.84,0,51.71,5.62,0,1,3,5
1586016000,0.66,0,51.63,5.96,1,1,12,1578740400,0.83,6.00E-04,52.35,5.88,0,1,1,6
1586098800,0.74,0.001,53.59,1.53,1,1,11,1578740400,0.83,6.00E-04,52.35,5.88,0,1,1,6
1585976400,0.74,0.0013,50.67,9.39,0,1,1,1578740400,0.83,6.00E-04,52.35,5.88,0,1,1,6
1586095200,0.76,0,52.18,1.55,1,1,10,1578740400,0.83,6.00E-04,52.35,5.88,0,1,1,6
1586102400,0.69,0,55.19,2.34,1,1,12,1578747600,0.81,5.00E-04,54.78,7.45,1,1,1,8
1586106000,0.64,0,57.78,4.39,1,1,13,1578751200,0.8,7.00E-04,56.46,9.5,1,1,1,9
1584770400,0.62,2.00E-04,59.35,11.98,0,1,2,1578754800,0.72,9.00E-04,60.23,11.67,1,1,1,10
1586113200,0.55,0.0011,61.8,6.93,1,1,15,1578776400,0.67,0,62.1,11.35,1,1,3,16
1586721600,0.57,0,60.15,9.31,1,1,16,1578776400,0.67,0,62.1,11.35,1,1,3,16
1586109600,0.56,3.00E-04,61.6,5.71,1,1,14,1578776400,0.67,0,62.1,11.35,1,1,3,16
1586116800,0.57,0,60.82,7.98,1,1,16,1578776400,0.67,0,62.1,11.35,1,1,3,16
1586725200,0.57,0,60.24,10.65,1,1,17,1578776400,0.67,0,62.1,11.35,1,1,3,16
1586718000,0.61,8.00E-04,58.08,11.6,1,1,15,1578780000,0.72,0,60.28,10.33,0,1,3,17
1586120400,0.62,9.00E-04,58.24,7.13,1,1,17,1578787200,0.75,0.0011,59.81,8.23,0,1,1,19
1586127600,0.67,0,56.27,4.38,1,1,19,1578794400,0.79,7.00E-04,59.59,7.15,0,1,1,21
1586124000,0.67,0.001,56.37,4.29,1,1,18,1578794400,0.79,7.00E-04,59.59,7.15,0,1,1,21
1586746800,0.7,0.0011,57.36,8.38,0,1,23,1578794400,0.79,7.00E-04,59.59,7.15,0,1,1,21
1586743200,0.66,0,57.19,8.62,0,1,22,1578794400,0.79,7.00E-04,59.59,7.15,0,1,1,21
1586793600,0.94,0.083,57.48,23.85,1,0,12,1578826800,0.94,0.0804,63.15,15.5,0,1,1,6
1586815200,0.91,0.0205,63.06,11.81,1,0,18,1578834000,0.83,0.0163,64.26,12.9,1,1,1,8
1584763200,0.54,8.00E-04,67.65,10.94,0,1,0,1578841200,0.53,4.00E-04,65.43,15.37,1,1,1,10
1584766800,0.57,0,65.33,10.14,0,1,1,1578841200,0.53,4.00E-04,65.43,15.37,1,1,1,10
1586728800,0.51,2.00E-04,61.79,12.11,1,1,18,1578862800,0.38,0.0014,63.18,12.38,1,1,1,16
1586707200,0.34,0.001,58.3,11.65,1,1,12,1578866400,0.41,0.0013,60.75,10.55,0,1,1,17
1586703600,0.33,0,58.77,9.96,1,1,11,1578866400,0.41,0.0013,60.75,10.55,0,1,1,17
1586732400,0.47,3.00E-04,60.51,11.15,1,1,19,1578866400,0.41,0.0013,60.75,10.55,0,1,1,17
1586034000,0.48,0,59.77,3.03,1,1,17,1578870000,0.47,0,57.7,9.14,0,1,3,18
1586739600,0.6,0.0013,57.6,9.11,0,1,21,1578870000,0.47,0,57.7,9.14,0,1,3,18
1586026800,0.5,0.001,59.12,3.58,1,1,15,1578870000,0.47,0,57.7,9.14,0,1,3,18
1586700000,0.39,0,55.28,7.17,1,1,10,1578870000,0.47,0,57.7,9.14,0,1,3,18
1586714400,0.6,0,56.2,11.42,1,1,14,1578870000,0.47,0,57.7,9.14,0,1,3,18
1586710800,0.43,7.00E-04,56.71,12.44,1,1,13,1578870000,0.47,0,57.7,9.14,0,1,3,18
1586037600,0.52,2.00E-04,58.25,3.86,1,1,18,1578870000,0.47,0,57.7,9.14,0,1,3,18
1586030400,0.49,0,59.47,3.53,1,1,16,1578870000,0.47,0,57.7,9.14,0,1,3,18
1586023200,0.54,7.00E-04,57.22,2.79,1,1,14,1578870000,0.47,0,57.7,9.14,0,1,3,18
1586736000,0.57,0,56.74,9.78,0,1,20,1578873600,0.45,0,56.29,8.04,0,1,3,19
1585404000,0.54,0.002,51.37,6.45,1,1,10,1578877200,0.46,0,53.65,5.95,0,1,3,20
1585400400,0.47,3.00E-04,51.44,6.7,1,1,9,1578877200,0.46,0,53.65,5.95,0,1,3,20
1586019600,0.61,0,54.07,3.24,1,1,13,1578877200,0.46,0,53.65,5.95,0,1,3,20
1586041200,0.63,8.00E-04,54.13,4.83,1,1,19,1578877200,0.46,0,53.65,5.95,0,1,3,20
1584511200,0.55,0,45.47,5.62,0,0,2,1578891600,0.61,0,44.19,6.84,0,0,3,0
1584590400,0.62,0.0017,45.39,6.14,0,0,0,1578891600,0.61,0,44.19,6.84,0,0,3,0
1585108800,0.68,0.001,42.37,6.3,0,0,0,1578895200,0.64,0,42.04,7.39,0,0,3,1
1585123200,0.71,0,40.27,8.6,0,0,4,1578898800,0.67,0.001,40.18,8.69,0,0,1,2
1585119600,0.69,0,40.7,9.41,0,0,3,1578898800,0.67,0.001,40.18,8.69,0,0,1,2
1585216800,0.77,0,36.67,4.1,0,0,6,1578913200,0.73,0.001,36.75,6.07,0,0,1,6
1585224000,0.72,0,38.75,3.86,1,0,8,1578920400,0.73,9.00E-04,37.98,6.01,1,0,1,8
1585695600,0.69,0.001,44.76,5.55,1,0,19,1578949200,0.76,0,45.04,2.81,1,0,3,16
1585666800,0.76,6.00E-04,44.04,6.19,1,0,11,1579017600,0.75,9.00E-04,43.47,5,1,0,1,11
1585670400,0.71,2.00E-04,44.31,6.13,1,0,12,1579021200,0.69,0,44.51,6.18,1,0,3,12
1585674000,0.67,0.0011,44.85,3.3,1,0,13,1579021200,0.69,0,44.51,6.18,1,0,3,12
1585684800,0.63,0,47.45,3.83,1,0,16,1579028400,0.63,0.0017,45.52,5.04,1,0,1,14
1585677600,0.66,0,46.19,3.48,1,0,14,1579028400,0.63,0.0017,45.52,5.04,1,0,1,14
1585688400,0.64,7.00E-04,46.87,4.3,1,0,17,1579028400,0.63,0.0017,45.52,5.04,1,0,1,14
1585681200,0.64,0,46.91,3.6,1,0,15,1579028400,0.63,0.0017,45.52,5.04,1,0,1,14
1585692000,0.68,0,45.88,6.31,1,0,18,1579032000,0.67,0.0027,45.55,6.53,1,0,1,15
1585562400,0.91,0,43.97,4.91,0,0,6,1579075200,0.95,0,42.68,5.36,0,0,3,3
1585641600,0.92,0.0022,42.7,7.43,0,0,4,1579075200,0.95,0,42.68,5.36,0,0,3,3
1584439200,0.9,0.0044,41.99,3.34,0,0,6,1579089600,0.9,6.00E-04,42.43,5.95,0,0,1,7
1585645200,0.9,0.0027,42.37,7.39,0,0,5,1579089600,0.9,6.00E-04,42.43,5.95,0,0,1,7
1585569600,0.88,6.00E-04,43.26,5.58,1,0,8,1579093200,0.86,2.00E-04,42.71,5.09,1,0,1,8
1585566000,0.89,0.0015,43.59,5.49,1,0,7,1579093200,0.86,2.00E-04,42.71,5.09,1,0,1,8
1585573200,0.87,5.00E-04,43.34,4.55,1,0,9,1579093200,0.86,2.00E-04,42.71,5.09,1,0,1,8
1585062000,0.62,0,46.23,8.98,1,0,11,1579100400,0.59,3.00E-04,46.55,9.12,1,0,1,10
1586862000,0.57,9.00E-04,46.77,8.19,1,0,7,1579100400,0.59,3.00E-04,46.55,9.12,1,0,1,10
1585065600,0.58,7.00E-04,48.11,7.41,1,0,12,1579104000,0.53,9.00E-04,47.77,8.21,1,0,1,11
1586865600,0.53,9.00E-04,47.64,8.74,1,0,8,1579104000,0.53,9.00E-04,47.77,8.21,1,0,1,11
1585069200,0.52,2.00E-04,50.21,3.84,1,0,13,1579107600,0.49,0,49.06,8.12,1,0,3,12
1586473200,0.41,0.0015,51.16,12.55,1,0,19,1579114800,0.43,0,51.43,7.27,1,0,3,14
1584561600,0.42,6.00E-04,50.97,8.49,1,0,16,1579114800,0.43,0,51.43,7.27,1,0,3,14
1584554400,0.39,0,51.53,9.14,1,0,14,1579114800,0.43,0,51.43,7.27,1,0,3,14
1584558000,0.39,8.00E-04,51.56,8.44,1,0,15,1579114800,0.43,0,51.43,7.27,1,0,3,14
1585710000,0.79,0,42.8,5.21,0,0,23,1579147200,0.83,3.00E-04,43.46,4.56,0,0,1,23
1585630800,0.92,0.0043,44.82,3.7,0,0,1,1579154400,0.88,0.0014,44.24,6.2,0,0,1,1
1584597600,0.84,0.0312,42.04,5.77,0,0,2,1579161600,0.93,0.0324,44.97,5.81,0,0,1,3
1585634400,0.94,0.0231,44.47,4.23,0,0,2,1579165200,0.93,0.0185,45.17,4.11,0,0,1,4
1585638000,0.94,0.0098,43.7,7.1,0,0,3,1579168800,0.93,0.0092,44.92,6.14,0,0,1,5
1585558800,0.9,0,45.26,5.85,0,0,5,1579172400,0.92,0.0022,45.06,6.94,0,0,1,6
1585922400,0.64,8.00E-04,48.96,12.86,1,0,10,1579186800,0.53,0.0018,48.19,15.84,1,0,1,10
1586541600,0.41,2.00E-04,48.01,14.65,1,0,14,1579194000,0.42,0,48.54,16.69,1,0,3,12
1586545200,0.41,0,48.65,19.06,1,0,15,1579194000,0.42,0,48.54,16.69,1,0,3,12
1586548800,0.41,4.00E-04,48.02,19.53,1,0,16,1579194000,0.42,0,48.54,16.69,1,0,3,12
1586556000,0.46,3.00E-04,46.51,14.58,1,0,18,1579197600,0.45,5.00E-04,46.44,14.95,1,0,1,13
1586534400,0.41,0,45.84,15.01,1,0,12,1579197600,0.45,5.00E-04,46.44,14.95,1,0,1,13
1586552400,0.43,0.0011,47,17.87,1,0,17,1579197600,0.45,5.00E-04,46.44,14.95,1,0,1,13
1586538000,0.4,3.00E-04,46.9,15.99,1,0,13,1579197600,0.45,5.00E-04,46.44,14.95,1,0,1,13
1584792000,0.57,0,43.12,10.68,1,1,8,1579456800,0.56,0.0011,42.71,12.35,1,1,1,13
1584183600,0.46,0,42.66,7.56,0,1,7,1579460400,0.51,0.0011,42.7,11.37,1,1,1,14
1584180000,0.45,0,43.06,7.3,0,1,6,1579460400,0.51,0.0011,42.7,11.37,1,1,1,14
1584187200,0.47,0.001,43.03,9.11,1,1,8,1579460400,0.51,0.0011,42.7,11.37,1,1,1,14
1584280800,0.48,0.0011,43.46,9.1,1,1,10,1579460400,0.51,0.0011,42.7,11.37,1,1,1,14
1584914400,0.5,0,41.46,9.44,1,1,18,1579467600,0.47,6.00E-04,39.98,11.07,1,1,1,16
1584532800,0.58,0,42,1.9,1,0,8,1579878000,0.54,8.00E-04,42.75,3.63,1,0,1,10
1586970000,0.27,5.00E-04,50.58,9.83,1,0,13,1579892400,0.3,0,51.34,5.52,1,0,3,14
1586977200,0.25,0,51.19,10.85,1,0,15,1579892400,0.3,0,51.34,5.52,1,0,3,14
1586973600,0.24,0,51.39,9.62,1,0,14,1579892400,0.3,0,51.34,5.52,1,0,3,14
1587146400,0.27,2.00E-04,50.42,10.95,1,0,14,1579892400,0.3,0,51.34,5.52,1,0,3,14
1586988000,0.21,0,52.13,8.74,1,0,18,1579896000,0.31,0.001,51.63,5.96,1,0,1,15
1586980800,0.24,0,51.67,10.33,1,0,16,1579896000,0.31,0.001,51.63,5.96,1,0,1,15
1587081600,0.4,9.00E-04,44.33,12.19,0,0,20,1579906800,0.45,0,44.62,5.61,0,0,3,18
1587222000,0.92,0.0129,42.56,7.18,1,1,11,1579968000,0.91,0.017,41.84,16.03,1,1,1,11
1587204000,0.91,0.014,43.44,5.35,0,1,6,1579968000,0.91,0.017,41.84,16.03,1,1,1,11
1587218400,0.92,0.0177,43.73,8.22,1,1,10,1579968000,0.91,0.017,41.84,16.03,1,1,1,11
1587225600,0.91,0.0136,42.5,10.15,1,1,12,1579968000,0.91,0.017,41.84,16.03,1,1,1,11
1587214800,0.93,0.0205,44.34,6.47,1,1,9,1579968000,0.91,0.017,41.84,16.03,1,1,1,11
1585436400,0.89,0.0472,45.59,9.04,1,1,19,1579971600,0.91,0.042,43.59,16.57,1,1,1,12
1585422000,0.85,0.0402,46.34,7.24,1,1,15,1579971600,0.91,0.042,43.59,16.57,1,1,1,12
1585004400,0.92,0.1107,40.48,9.78,1,0,19,1579975200,0.92,0.0942,45.65,17.36,1,1,1,13
1585000800,0.91,0.1204,41.29,9.48,1,0,18,1579978800,0.91,0.1036,48.11,15.57,1,1,1,14
1586768400,0.92,0.0995,54.93,13.2,0,0,5,1579978800,0.91,0.1036,48.11,15.57,1,1,1,14
1586772000,0.94,0.0919,53.96,11.51,0,0,6,1579978800,0.91,0.1036,48.11,15.57,1,1,1,14
1586790000,0.96,0.1278,57.19,22.24,1,0,11,1579978800,0.91,0.1036,48.11,15.57,1,1,1,14
1586779200,0.97,0.1032,54.84,18.3,1,0,8,1579978800,0.91,0.1036,48.11,15.57,1,1,1,14
1586782800,0.96,0.1216,56.05,19.01,1,0,9,1579978800,0.91,0.1036,48.11,15.57,1,1,1,14
1586336400,0.93,0.0989,53.21,3.56,0,0,5,1579978800,0.91,0.1036,48.11,15.57,1,1,1,14
1584997200,0.89,0.1231,40.89,10.77,1,0,17,1579978800,0.91,0.1036,48.11,15.57,1,1,1,14
1586804400,0.94,0.113,58.54,19.62,1,0,15,1579978800,0.91,0.1036,48.11,15.57,1,1,1,14
1584604800,0.95,0.1287,42.13,8.24,0,0,4,1579978800,0.91,0.1036,48.11,15.57,1,1,1,14
1584608400,0.95,0.1382,42.58,9.14,0,0,5,1579978800,0.91,0.1036,48.11,15.57,1,1,1,14
1586786400,0.96,0.1524,57.52,19.98,1,0,10,1579978800,0.91,0.1036,48.11,15.57,1,1,1,14
1584612000,0.95,0.1812,42.96,8.91,0,0,6,1579986000,0.93,0.2232,49.59,7.1,1,1,1,16
1585440000,0.92,0.0686,45.72,9.4,0,1,20,1579989600,0.94,0.0644,49.27,5.09,1,1,1,17
1585432800,0.86,0.0682,46.07,8.89,1,1,18,1579989600,0.94,0.0644,49.27,5.09,1,1,1,17
1585447200,0.95,0.019,46.33,9.85,0,1,22,1579993200,0.94,0.0139,47.92,4.35,0,1,1,18
1585414800,0.75,0.0141,48.24,7.94,1,1,13,1579993200,0.94,0.0139,47.92,4.35,0,1,1,18
1585450800,0.97,0.0213,45.83,9.88,0,1,23,1579993200,0.94,0.0139,47.92,4.35,0,1,1,18
1585515600,0.94,0.0051,46.56,8.65,1,1,17,1579996800,0.93,0.0029,47.49,5.05,0,1,1,19
1585522800,0.94,0.0048,46.37,10.54,1,1,19,1579996800,0.93,0.0029,47.49,5.05,0,1,1,19
1585519200,0.95,0.0083,46.48,9.1,1,1,18,1579996800,0.93,0.0029,47.49,5.05,0,1,1,19
1585526400,0.95,0.0032,46.25,11.3,0,1,20,1580000400,0.92,3.00E-04,46.23,7.87,0,1,1,20
1585530000,0.95,0.0015,45.97,9.58,0,1,21,1580000400,0.92,3.00E-04,46.23,7.87,0,1,1,20
1585537200,0.97,0.0024,45.83,8.24,0,1,23,1580000400,0.92,3.00E-04,46.23,7.87,0,1,1,20
1585533600,0.95,0.0014,45.94,11.07,0,1,22,1580000400,0.92,3.00E-04,46.23,7.87,0,1,1,20
1587232800,0.82,7.00E-04,43.61,9.81,1,1,14,1580050800,0.74,0.0011,41.43,8.88,1,1,1,10
1587229200,0.84,0.0032,43.2,9.67,1,1,13,1580050800,0.74,0.0011,41.43,8.88,1,1,1,10
1587236400,0.71,3.00E-04,45.43,9.5,1,1,15,1580054400,0.66,0,43.36,10.77,1,1,3,11
1587240000,0.69,0,45.83,10.05,1,1,16,1580054400,0.66,0,43.36,10.77,1,1,3,11
1586692800,0.56,0,45.64,2.63,1,1,8,1580058000,0.57,8.00E-04,45.22,11.5,1,1,1,12
1584252000,0.51,4.00E-04,44.47,6.73,0,1,2,1580058000,0.57,8.00E-04,45.22,11.5,1,1,1,12
1584788400,0.57,0,43.99,10.26,1,1,7,1580058000,0.57,8.00E-04,45.22,11.5,1,1,1,12
1584255600,0.53,8.00E-04,43.76,5.41,0,1,3,1580058000,0.57,8.00E-04,45.22,11.5,1,1,1,12
1586577600,0.5,0.0012,42.94,10.48,0,1,0,1580058000,0.57,8.00E-04,45.22,11.5,1,1,1,12
1584190800,0.42,9.00E-04,44.71,9.82,1,1,9,1580061600,0.52,0,46.15,11.09,1,1,3,13
1584176400,0.43,0,43.92,7.74,0,1,5,1580061600,0.52,0,46.15,11.09,1,1,3,13
1584248400,0.46,5.00E-04,45.27,7.04,0,1,1,1580061600,0.52,0,46.15,11.09,1,1,3,13
1584802800,0.47,0.0011,44.69,10.19,1,1,11,1580061600,0.52,0,46.15,11.09,1,1,3,13
1585393200,0.51,0,47.97,7.63,1,1,7,1580061600,0.52,0,46.15,11.09,1,1,3,13
1584784800,0.56,0,45.9,12.77,0,1,6,1580061600,0.52,0,46.15,11.09,1,1,3,13
1585386000,0.46,0,48.31,5.68,0,1,5,1580065200,0.51,0,46.58,10.69,1,1,3,14
1585396800,0.51,9.00E-04,48.99,6.49,1,1,8,1580065200,0.51,0,46.58,10.69,1,1,3,14
1584806400,0.4,0,46.83,9.91,1,1,12,1580065200,0.51,0,46.58,10.69,1,1,3,14
1585407600,0.64,0.0107,49.62,6.78,1,1,11,1580065200,0.51,0,46.58,10.69,1,1,3,14
1585389600,0.48,0,48.34,5.54,0,1,6,1580065200,0.51,0,46.58,10.69,1,1,3,14
1584284400,0.43,0.0013,46.4,8.22,1,1,11,1580065200,0.51,0,46.58,10.69,1,1,3,14
1587247200,0.59,3.00E-04,47.19,8.36,1,1,18,1580068800,0.54,8.00E-04,45.88,10.1,1,1,1,15
1587243600,0.63,5.00E-04,47.4,8.86,1,1,17,1580068800,0.54,8.00E-04,45.88,10.1,1,1,1,15
1587250800,0.56,2.00E-04,47.16,8.4,1,1,19,1580068800,0.54,8.00E-04,45.88,10.1,1,1,1,15
1587258000,0.55,2.00E-04,43.96,6.64,0,1,21,1580079600,0.56,3.00E-04,43.3,7.39,0,1,1,18
1587254400,0.54,5.00E-04,44.96,8.07,0,1,20,1580079600,0.56,3.00E-04,43.3,7.39,0,1,1,18
1587261600,0.56,8.00E-04,42.87,5.88,0,1,22,1580083200,0.6,0,42.45,8.07,0,1,3,19
1587265200,0.58,5.00E-04,41.83,5.21,0,1,23,1580086800,0.61,0.0013,41.28,8.23,0,1,1,20
1584921600,0.58,0,38.26,8.62,0,1,20,1580090400,0.64,0.0012,39.41,7.69,0,1,1,21
1584925200,0.58,4.00E-04,38.06,8.37,0,1,21,1580090400,0.64,0.0012,39.41,7.69,0,1,1,21
1584932400,0.63,0,37.26,9.74,0,1,23,1580094000,0.66,8.00E-04,38.46,6.46,0,1,1,22
1584928800,0.6,0,37.8,9.88,0,1,22,1580094000,0.66,8.00E-04,38.46,6.46,0,1,1,22
1584957600,0.75,0,37.3,10.37,0,0,6,1580119200,0.75,0,36.34,8.25,0,0,3,5
1584961200,0.78,0.004,37.23,11.86,1,0,7,1580130000,0.74,0,37.5,9.14,1,0,3,8
1586516400,0.65,0,39.72,13.85,1,0,7,1580137200,0.69,3.00E-04,40.4,10.97,1,0,1,10
1587160800,0.52,2.00E-04,45.53,6.06,1,0,18,1580158800,0.54,0.001,44.86,8.24,1,0,1,16
1584388800,0.53,8.00E-04,43.93,8.65,1,0,16,1580158800,0.54,0.001,44.86,8.24,1,0,1,16
1587164400,0.6,4.00E-04,45.06,5.77,1,0,19,1580162400,0.56,0.0025,43.93,7.37,1,0,1,17
1584403200,0.64,0,40.56,9.75,0,0,20,1580176800,0.61,0,40.9,7.2,0,0,3,21
1584950400,0.67,9.00E-04,37.55,9.38,0,0,4,1580198400,0.64,7.00E-04,37.78,7.97,0,0,1,3
1584939600,0.64,0,37.26,9.59,0,0,1,1580198400,0.64,7.00E-04,37.78,7.97,0,0,1,3
1587038400,0.58,0.0014,41.36,11.28,1,0,8,1580223600,0.58,7.00E-04,40.69,10.69,1,0,1,10
1587042000,0.52,0,42.29,11.05,1,0,9,1580227200,0.53,0.0012,42.2,11.54,1,0,1,11
1586952000,0.53,0,42.58,9.99,1,0,8,1580227200,0.53,0.0012,42.2,11.54,1,0,1,11
1586523600,0.52,5.00E-04,43.03,13.46,1,0,9,1580230800,0.51,0,43.17,10.4,1,0,3,12
1584399600,0.61,0.001,41.14,10.71,1,0,19,1580248800,0.54,8.00E-04,39.97,9.19,1,0,1,17
1584352800,0.44,0.001,34.23,9.36,0,0,6,1580313600,0.47,6.00E-04,35.21,8.87,1,0,1,11
1584367200,0.36,0.0017,36.87,10.85,1,0,10,1580317200,0.43,4.00E-04,37.34,9.34,1,0,1,12
1584370800,0.37,5.00E-04,38.6,8.81,1,0,11,1580320800,0.4,2.00E-04,38.7,9.01,1,0,1,13
1584374400,0.39,0,40.76,9.08,1,0,12,1580324400,0.37,0,40.31,8.52,1,0,3,14
